filename,width,height,class,xmin,ymin,xmax,ymax
crop001517.jpg,628,960,person,191,156,435,809
PennPed00028.jpg,416,368,person,235,49,336,336
crop001089.jpg,735,976,person,67,222,204,634
crop001089.jpg,735,976,person,1,198,61,831
crop001089.jpg,735,976,person,223,240,321,621
crop001089.jpg,735,976,person,467,110,697,974
crop001089.jpg,735,976,person,250,193,467,832
person_324.jpg,640,480,person,430,165,493,317
person_324.jpg,640,480,person,377,163,432,314
crop001836.jpg,905,760,person,254,128,382,653
crop001836.jpg,905,760,person,558,144,680,685
crop001836.jpg,905,760,person,462,149,587,649
crop001836.jpg,905,760,person,373,112,495,654
person_112.jpg,480,640,person,16,97,180,604
person_112.jpg,480,640,person,291,94,430,634
person_112.jpg,480,640,person,183,136,310,573
crop001611.jpg,641,931,person,338,363,447,693
crop001611.jpg,641,931,person,244,392,338,659
crop001611.jpg,641,931,person,546,132,641,736
person_243.jpg,640,480,person,112,139,192,420
person_243.jpg,640,480,person,183,131,277,423
crop001837.jpg,639,479,person,130,102,293,391
crop001837.jpg,639,479,person,370,82,436,283
crop001837.jpg,639,479,person,249,47,328,361
crop001837.jpg,639,479,person,291,82,392,342
crop001837.jpg,639,479,person,91,89,123,185
crop001837.jpg,639,479,person,156,101,205,187
crop001837.jpg,639,479,person,530,152,591,214
person_and_bike_118.jpg,480,640,person,114,53,307,640
crop001031.jpg,846,976,person,164,621,324,805
crop001031.jpg,846,976,person,281,532,533,860
crop001031.jpg,846,976,person,309,242,493,671
person_256.jpg,640,480,person,334,108,433,428
person_256.jpg,640,480,person,239,176,345,331
crop001164.jpg,1011,746,person,384,249,539,640
crop001164.jpg,1011,746,person,635,222,785,623
crop001083.jpg,594,809,person,267,221,393,677
crop001083.jpg,594,809,person,60,233,124,438
crop001083.jpg,594,809,person,224,225,301,476
crop001083.jpg,594,809,person,148,232,218,414
crop001083.jpg,594,809,person,5,205,43,425
crop001092.jpg,690,976,person,1,311,64,834
crop001092.jpg,690,976,person,84,197,246,798
crop001092.jpg,690,976,person,26,176,99,312
crop001092.jpg,690,976,person,42,228,157,751
crop001092.jpg,690,976,person,467,216,649,760
person_and_bike_128.jpg,640,480,person,257,217,345,396
person_and_bike_128.jpg,640,480,person,342,119,453,388
person_219.jpg,640,480,person,362,131,470,423
person_219.jpg,640,480,person,179,137,292,264
person_219.jpg,640,480,person,295,185,375,433
crop001051.jpg,725,976,person,1,187,165,976
crop001051.jpg,725,976,person,160,454,240,640
crop001051.jpg,725,976,person,166,266,253,472
crop001051.jpg,725,976,person,89,256,168,410
crop001051.jpg,725,976,person,165,234,219,488
crop001051.jpg,725,976,person,360,336,445,729
crop001051.jpg,725,976,person,379,254,567,958
crop001051.jpg,725,976,person,462,122,725,973
crop001051.jpg,725,976,person,237,255,350,650
crop001109.jpg,474,555,person,199,2,474,555
crop001109.jpg,474,555,person,217,129,313,404
person_and_bike_134.jpg,640,480,person,100,124,214,388
person_and_bike_134.jpg,640,480,person,242,114,361,424
person_and_bike_134.jpg,640,480,person,332,105,451,414
person_114.jpg,480,640,person,42,31,246,640
person_114.jpg,480,640,person,235,81,439,640
PennPed00058.jpg,509,380,person,334,67,473,354
PennPed00058.jpg,509,380,person,293,19,389,269
PennPed00058.jpg,509,380,person,225,27,310,287
PennPed00058.jpg,509,380,person,172,21,237,329
crop001047.jpg,476,547,person,218,437,304,547
crop001047.jpg,476,547,person,214,195,285,373
crop001047.jpg,476,547,person,68,297,171,394
crop001047.jpg,476,547,person,22,359,103,493
crop001047.jpg,476,547,person,1,410,49,538
crop001047.jpg,476,547,person,364,111,390,166
person_240.jpg,640,480,person,208,93,329,459
person_240.jpg,640,480,person,314,74,452,445
person_and_bike_007.jpg,640,480,person,244,44,364,405
crop001232.jpg,669,930,person,504,109,669,918
crop001232.jpg,669,930,person,207,180,513,856
crop001235.jpg,680,859,person,156,186,456,698
crop001235.jpg,680,859,person,164,159,299,659
crop001163.jpg,228,453,person,16,91,120,366
person_377.jpg,640,480,person,332,186,395,365
person_377.jpg,640,480,person,442,193,500,303
person_377.jpg,640,480,person,403,203,445,308
crop001230.jpg,637,823,person,212,182,376,632
crop001230.jpg,637,823,person,430,434,637,801
crop001230.jpg,637,823,person,426,221,535,482
crop001616.jpg,1247,626,person,1010,273,1247,626
crop001616.jpg,1247,626,person,889,212,976,430
crop001616.jpg,1247,626,person,662,218,777,553
crop001616.jpg,1247,626,person,561,197,654,547
crop001616.jpg,1247,626,person,415,250,491,600
crop001616.jpg,1247,626,person,1,173,107,567
crop001616.jpg,1247,626,person,174,184,283,578
crop001616.jpg,1247,626,person,277,144,424,602
crop001616.jpg,1247,626,person,499,184,576,471
crop001616.jpg,1247,626,person,1098,219,1134,341
crop001616.jpg,1247,626,person,1058,215,1094,344
crop001616.jpg,1247,626,person,1001,209,1050,333
crop001616.jpg,1247,626,person,954,218,1001,330
crop001616.jpg,1247,626,person,858,209,894,337
crop001616.jpg,1247,626,person,433,189,494,300
crop001616.jpg,1247,626,person,737,224,780,270
crop001121.jpg,584,496,person,188,211,240,351
crop001121.jpg,584,496,person,337,159,419,359
crop001121.jpg,584,496,person,249,162,319,361
crop001121.jpg,584,496,person,25,179,88,344
FudanPed00064.jpg,546,420,person,142,94,250,395
FudanPed00064.jpg,546,420,person,317,91,405,409
FudanPed00064.jpg,546,420,person,401,108,525,412
person_244.jpg,640,480,person,220,109,306,425
person_244.jpg,640,480,person,311,60,436,443
person_244.jpg,640,480,person,395,88,492,434
crop001608.jpg,485,790,person,367,321,461,685
crop001608.jpg,485,790,person,1,315,109,592
crop001608.jpg,485,790,person,191,419,278,583
crop001608.jpg,485,790,person,60,333,149,442
FudanPed00004.jpg,396,397,person,166,57,324,342
FudanPed00004.jpg,396,397,person,8,58,56,179
crop001272.jpg,446,448,person,151,100,260,350
person_301.jpg,640,480,person,254,155,357,417
person_and_bike_150.jpg,640,480,person,240,164,314,357
person_and_bike_150.jpg,640,480,person,308,170,388,372
person_and_bike_150.jpg,640,480,person,370,188,451,350
person_304.jpg,640,480,person,299,85,436,465
person_304.jpg,640,480,person,133,66,210,295
person_304.jpg,640,480,person,434,47,518,320
person_304.jpg,640,480,person,56,73,166,318
person_304.jpg,640,480,person,1,99,67,407
person_166.jpg,640,480,person,244,157,328,378
person_166.jpg,640,480,person,337,159,423,371
crop001113.jpg,610,930,person,224,269,377,743
crop001113.jpg,610,930,person,1,256,112,923
FudanPed00005.jpg,335,344,person,190,51,321,340
FudanPed00005.jpg,335,344,person,2,48,46,162
crop001711.jpg,966,890,person,244,296,462,719
crop001711.jpg,966,890,person,512,287,670,643
crop001711.jpg,966,890,person,192,314,308,619
crop001711.jpg,966,890,person,22,274,125,508
crop001711.jpg,966,890,person,106,294,171,516
crop001711.jpg,966,890,person,143,271,225,540
person_091.jpg,480,640,person,173,171,312,488
crop001143.jpg,649,698,person,292,167,423,521
crop001143.jpg,649,698,person,210,121,289,474
crop001143.jpg,649,698,person,126,443,317,672
crop001143.jpg,649,698,person,553,215,649,698
person_239.jpg,640,480,person,208,78,293,437
person_239.jpg,640,480,person,276,86,392,421
person_and_bike_135.jpg,640,480,person,215,121,289,384
person_and_bike_135.jpg,640,480,person,391,164,477,384
person_and_bike_135.jpg,640,480,person,279,114,379,371
crop001258.jpg,521,653,person,233,142,342,505
crop001258.jpg,521,653,person,15,92,215,653
person_044.jpg,640,480,person,287,115,399,411
person_044.jpg,640,480,person,21,152,75,288
FudanPed00069.jpg,354,379,person,215,67,324,362
person_232.jpg,640,480,person,183,10,358,455
person_232.jpg,640,480,person,349,68,469,454
person_223.jpg,640,480,person,205,58,346,447
person_223.jpg,640,480,person,347,62,480,411
crop001273.jpg,990,579,person,227,103,360,428
crop001273.jpg,990,579,person,578,128,710,479
person_320.jpg,640,480,person,336,141,459,471
person_320.jpg,640,480,person,256,117,345,430
person_320.jpg,640,480,person,478,129,524,227
FudanPed00066.jpg,360,359,person,237,47,343,352
PennPed00033.jpg,533,391,person,274,145,397,331
PennPed00033.jpg,533,391,person,389,67,520,369
PennPed00033.jpg,533,391,person,112,48,220,368
PennPed00033.jpg,533,391,person,30,33,115,371
crop001609.jpg,602,458,person,309,186,351,308
crop001609.jpg,602,458,person,247,178,309,309
crop001609.jpg,602,458,person,255,385,329,458
crop001609.jpg,602,458,person,514,120,542,196
crop001609.jpg,602,458,person,397,113,437,182
crop001609.jpg,602,458,person,471,114,505,189
crop001609.jpg,602,458,person,2,391,82,458
crop001609.jpg,602,458,person,499,100,519,169
crop001694.jpg,971,815,person,115,552,334,815
crop001694.jpg,971,815,person,904,44,970,342
crop001694.jpg,971,815,person,521,407,746,803
crop001694.jpg,971,815,person,256,353,485,799
crop001694.jpg,971,815,person,448,630,632,815
crop001694.jpg,971,815,person,307,77,405,267
crop001694.jpg,971,815,person,237,90,315,236
crop001694.jpg,971,815,person,460,1,559,267
crop001694.jpg,971,815,person,462,226,594,644
crop001694.jpg,971,815,person,1,307,106,614
crop001694.jpg,971,815,person,133,103,241,213
crop001010.jpg,589,852,person,145,195,415,727
crop001677.jpg,334,312,person,130,120,174,219
PennPed00014.jpg,542,368,person,123,35,203,231
PennPed00014.jpg,542,368,person,210,67,307,335
PennPed00014.jpg,542,368,person,352,58,446,341
PennPed00014.jpg,542,368,person,288,37,350,232
crop001126.jpg,684,632,person,52,173,156,514
crop001126.jpg,684,632,person,634,207,684,445
crop001619.jpg,1097,960,person,159,315,297,787
crop001619.jpg,1097,960,person,782,317,862,543
crop001619.jpg,1097,960,person,703,314,772,539
crop001619.jpg,1097,960,person,608,299,690,496
crop001619.jpg,1097,960,person,478,300,556,509
crop001619.jpg,1097,960,person,356,301,461,574
crop001619.jpg,1097,960,person,351,457,615,827
crop001619.jpg,1097,960,person,554,448,673,573
crop001619.jpg,1097,960,person,592,428,759,730
crop001619.jpg,1097,960,person,1027,327,1060,420
crop001819.jpg,320,339,person,132,102,177,208
crop001699.jpg,669,960,person,206,202,407,756
crop001699.jpg,669,960,person,1,256,116,683
crop001699.jpg,669,960,person,417,268,525,527
crop001551.jpg,797,828,person,125,214,337,664
crop001551.jpg,797,828,person,419,196,591,636
crop001551.jpg,797,828,person,208,511,421,828
crop001248.jpg,652,908,person,211,181,502,743
PennPed00026.jpg,530,410,person,203,112,309,372
PennPed00026.jpg,530,410,person,297,93,451,386
crop001156.jpg,574,976,person,182,182,365,789
person_275.jpg,640,480,person,271,182,351,404
person_283.jpg,640,480,person,268,121,455,462
person_283.jpg,640,480,person,398,114,442,191
person_283.jpg,640,480,person,507,36,640,467
person_133.jpg,640,480,person,330,151,413,371
person_133.jpg,640,480,person,231,173,312,375
person_133.jpg,640,480,person,92,226,156,378
crop001721.jpg,283,289,person,92,85,134,177
crop001075.jpg,493,769,person,212,206,346,610
crop001075.jpg,493,769,person,376,225,473,469
crop001075.jpg,493,769,person,30,251,107,498
person_238.jpg,640,480,person,184,115,284,417
person_238.jpg,640,480,person,333,91,463,423
crop001023.jpg,1080,976,person,263,219,520,845
crop001023.jpg,1080,976,person,600,220,798,898
crop001023.jpg,1080,976,person,943,334,1077,976
crop001043.jpg,559,976,person,388,266,517,444
crop001043.jpg,559,976,person,132,202,315,851
crop001605.jpg,292,564,person,181,183,250,347
crop001622.jpg,367,430,person,237,171,286,303
crop001622.jpg,367,430,person,197,160,247,304
crop001621.jpg,697,509,person,486,242,697,509
crop001621.jpg,697,509,person,1,140,287,509
crop001621.jpg,697,509,person,470,138,540,356
crop001621.jpg,697,509,person,623,117,697,365
crop001621.jpg,697,509,person,539,149,612,300
crop001621.jpg,697,509,person,404,169,445,284
crop001621.jpg,697,509,person,342,182,387,291
crop001621.jpg,697,509,person,280,184,329,295
crop001621.jpg,697,509,person,198,170,279,402
crop001621.jpg,697,509,person,370,168,397,282
crop001621.jpg,697,509,person,450,159,475,218
person_and_bike_124.jpg,640,480,person,271,162,363,340
crop001090.jpg,980,976,person,146,220,354,976
crop001090.jpg,980,976,person,1,141,155,975
crop001090.jpg,980,976,person,344,255,505,784
crop001090.jpg,980,976,person,535,273,674,773
crop001090.jpg,980,976,person,618,237,857,973
crop001090.jpg,980,976,person,866,116,980,976
person_and_bike_022.jpg,640,480,person,299,179,380,378
crop001524.jpg,1003,937,person,568,184,752,756
PennPed00073.jpg,579,364,person,320,47,425,336
PennPed00073.jpg,579,364,person,183,41,280,342
PennPed00073.jpg,579,364,person,96,32,188,323
crop001702.jpg,686,688,person,391,233,485,500
crop001084.jpg,749,976,person,230,301,393,972
crop001084.jpg,749,976,person,2,275,147,976
crop001084.jpg,749,976,person,290,240,503,943
crop001084.jpg,749,976,person,83,224,229,706
person_339.jpg,640,480,person,48,146,176,417
person_339.jpg,640,480,person,180,153,246,309
person_339.jpg,640,480,person,114,141,194,390
person_339.jpg,640,480,person,271,152,307,228
PennPed00071.jpg,767,379,person,289,35,385,320
PennPed00071.jpg,767,379,person,49,12,174,369
PennPed00071.jpg,767,379,person,480,19,562,312
PennPed00071.jpg,767,379,person,602,12,720,313
crop001066.jpg,633,794,person,243,178,422,644
crop001066.jpg,633,794,person,483,241,633,794
person_285.jpg,640,480,person,273,169,356,371
person_202.jpg,640,480,person,194,110,284,375
person_202.jpg,640,480,person,425,150,514,383
person_202.jpg,640,480,person,345,111,412,275
person_202.jpg,640,480,person,536,109,596,263
person_202.jpg,640,480,person,270,115,315,243
crop001060.jpg,663,976,person,172,271,447,976
crop001060.jpg,663,976,person,548,408,663,944
crop_000603.jpg,362,720,person,66,35,306,652
person_and_bike_074.jpg,640,480,person,310,122,367,293
crop001526.jpg,1048,960,person,289,217,465,766
crop001526.jpg,1048,960,person,471,249,663,772
crop001217.jpg,469,663,person,363,152,469,663
crop001217.jpg,469,663,person,182,159,319,560
person_and_bike_129.jpg,640,480,person,478,190,541,343
person_and_bike_129.jpg,640,480,person,410,191,448,314
person_and_bike_129.jpg,640,480,person,198,188,261,347
PennPed00001.jpg,612,406,person,86,57,200,358
PennPed00001.jpg,612,406,person,264,74,354,337
PennPed00001.jpg,612,406,person,397,34,494,348
PennPed00001.jpg,612,406,person,521,61,612,318
PennPed00001.jpg,612,406,person,206,21,265,203
PennPed00037.jpg,366,318,person,237,19,331,305
crop001070.jpg,634,976,person,238,169,439,828
crop001070.jpg,634,976,person,431,222,500,500
crop001070.jpg,634,976,person,499,254,573,500
crop001070.jpg,634,976,person,164,243,228,436
crop001070.jpg,634,976,person,373,234,436,460
crop001070.jpg,634,976,person,593,226,634,470
FudanPed00065.jpg,504,411,person,24,69,157,386
FudanPed00065.jpg,504,411,person,146,81,240,386
FudanPed00065.jpg,504,411,person,231,74,324,398
FudanPed00065.jpg,504,411,person,333,84,433,360
crop001257.jpg,541,618,person,321,108,518,618
crop001257.jpg,541,618,person,182,140,316,462
crop001571.jpg,801,720,person,439,205,562,569
crop001571.jpg,801,720,person,218,198,314,411
crop001571.jpg,801,720,person,358,202,452,454
crop001710.jpg,588,513,person,356,185,395,294
crop001710.jpg,588,513,person,127,188,216,411
crop001710.jpg,588,513,person,211,194,268,353
crop001710.jpg,588,513,person,291,196,323,281
FudanPed00072.jpg,375,349,person,46,39,151,337
person_141.jpg,640,480,person,245,122,371,364
crop001599.jpg,657,846,person,1,258,240,846
crop001599.jpg,657,846,person,213,233,424,832
crop001599.jpg,657,846,person,426,355,657,846
crop001599.jpg,657,846,person,430,301,490,459
crop001599.jpg,657,846,person,167,289,235,398
crop001599.jpg,657,846,person,573,263,657,402
crop001552.jpg,914,847,person,175,268,331,648
crop001552.jpg,914,847,person,1,479,138,832
crop001552.jpg,914,847,person,354,254,536,628
crop001552.jpg,914,847,person,630,222,783,650
crop001552.jpg,914,847,person,743,63,891,258
crop001685.jpg,254,424,person,71,99,158,321
PennPed00046.jpg,534,348,person,21,57,82,312
PennPed00046.jpg,534,348,person,320,20,420,316
person_and_bike_166.jpg,640,480,person,318,102,469,376
person_and_bike_166.jpg,640,480,person,382,91,438,164
person_and_bike_166.jpg,640,480,person,19,100,54,153
person_and_bike_166.jpg,640,480,person,190,91,218,158
crop001657.jpg,865,526,person,599,163,674,342
crop001657.jpg,865,526,person,364,145,443,380
crop001657.jpg,865,526,person,463,161,520,307
PennPed00091.jpg,372,324,person,213,23,345,314
crop001141.jpg,772,976,person,428,208,534,759
crop001141.jpg,772,976,person,190,215,344,736
crop001141.jpg,772,976,person,575,192,724,585
crop001086.jpg,602,976,person,224,271,407,786
crop001086.jpg,602,976,person,455,159,602,976
crop001569.jpg,1280,791,person,262,187,452,628
crop001058.jpg,823,976,person,287,244,526,927
crop001058.jpg,823,976,person,754,166,823,405
crop001058.jpg,823,976,person,519,205,565,276
person_167.jpg,640,480,person,317,165,389,371
person_167.jpg,640,480,person,263,183,318,360
crop001136.jpg,555,462,person,340,111,553,462
crop001136.jpg,555,462,person,209,154,249,276
crop001136.jpg,555,462,person,292,167,323,268
person_287.jpg,640,480,person,441,138,504,324
person_287.jpg,640,480,person,270,148,361,408
person_287.jpg,640,480,person,203,156,291,385
PennPed00087.jpg,325,343,person,19,11,147,318
crop001152.jpg,768,976,person,266,191,524,920
crop001152.jpg,768,976,person,279,132,327,233
PennPed00057.jpg,371,364,person,154,60,266,362
PennPed00057.jpg,371,364,person,194,18,272,281
person_176.jpg,640,480,person,358,104,472,423
person_176.jpg,640,480,person,241,112,352,418
person_176.jpg,640,480,person,68,139,126,264
person_176.jpg,640,480,person,201,138,262,289
crop001135.jpg,401,484,person,138,136,227,334
crop001135.jpg,401,484,person,1,237,77,322
crop001808.jpg,437,709,person,175,204,292,516
person_and_bike_021.jpg,640,480,person,276,161,376,358
crop001057.jpg,532,623,person,244,193,327,437
crop001057.jpg,532,623,person,1,235,43,300
crop001025.jpg,784,976,person,286,292,530,736
person_and_bike_033.jpg,640,480,person,477,111,561,262
person_and_bike_152.jpg,640,480,person,223,133,300,314
person_and_bike_152.jpg,640,480,person,165,109,215,265
PennPed00010.jpg,750,495,person,311,137,458,492
PennPed00010.jpg,750,495,person,176,50,282,342
PennPed00010.jpg,750,495,person,20,53,156,337
PennPed00010.jpg,750,495,person,482,58,621,445
crop001091.jpg,668,976,person,66,136,324,976
crop001091.jpg,668,976,person,274,187,461,804
crop001091.jpg,668,976,person,1,177,53,850
person_and_bike_016.jpg,640,480,person,285,144,372,326
person_and_bike_016.jpg,640,480,person,91,167,152,303
person_and_bike_016.jpg,640,480,person,22,162,62,289
person_and_bike_016.jpg,640,480,person,61,162,104,288
FudanPed00008.jpg,388,454,person,223,151,379,436
FudanPed00008.jpg,388,454,person,38,175,118,365
FudanPed00008.jpg,388,454,person,1,180,49,384
crop001134.jpg,451,612,person,354,153,451,608
crop001692.jpg,302,862,person,61,215,180,563
crop001692.jpg,302,862,person,185,286,300,661
crop001692.jpg,302,862,person,139,640,302,862
crop001620.jpg,835,602,person,172,349,441,602
crop001620.jpg,835,602,person,479,234,547,458
crop001620.jpg,835,602,person,681,236,743,405
crop001620.jpg,835,602,person,628,258,688,411
crop001620.jpg,835,602,person,748,254,798,373
crop001620.jpg,835,602,person,160,247,222,474
crop001620.jpg,835,602,person,226,260,296,385
crop001620.jpg,835,602,person,91,278,131,392
crop001620.jpg,835,602,person,25,299,76,402
crop001620.jpg,835,602,person,571,262,609,361
crop001620.jpg,835,602,person,446,270,490,404
crop001620.jpg,835,602,person,319,231,410,467
crop001620.jpg,835,602,person,639,317,835,602
crop001620.jpg,835,602,person,522,254,552,324
crop001620.jpg,835,602,person,137,275,161,328
crop001620.jpg,835,602,person,58,281,88,383
crop001620.jpg,835,602,person,549,267,572,305
FudanPed00071.jpg,363,353,person,125,39,247,330
FudanPed00071.jpg,363,353,person,252,36,338,340
crop001048.jpg,586,557,person,245,206,364,524
crop001048.jpg,586,557,person,2,188,113,446
crop001048.jpg,586,557,person,64,120,140,257
crop001048.jpg,586,557,person,472,1,563,206
crop001048.jpg,586,557,person,420,1,495,122
crop001048.jpg,586,557,person,247,1,330,146
PennPed00078.jpg,349,372,person,216,58,337,353
person_and_bike_002.jpg,480,640,person,156,89,300,439
crop001001.jpg,818,976,person,262,112,500,706
crop001001.jpg,818,976,person,37,323,197,720
crop001001.jpg,818,976,person,168,173,286,654
crop001001.jpg,818,976,person,26,131,193,441
crop001001.jpg,818,976,person,1,152,60,619
crop001001.jpg,818,976,person,135,137,212,264
crop001001.jpg,818,976,person,529,289,818,976
PennPed00030.jpg,479,354,person,332,42,451,338
PennPed00030.jpg,479,354,person,136,36,250,348
PennPed00030.jpg,479,354,person,1,34,95,343
PennPed00084.jpg,370,356,person,269,19,355,335
PennPed00084.jpg,370,356,person,149,40,306,337
crop_000608.jpg,368,469,person,132,117,256,383
crop001838.jpg,639,479,person,6,153,76,373
crop001838.jpg,639,479,person,73,146,136,371
crop001838.jpg,639,479,person,146,138,212,361
crop001838.jpg,639,479,person,220,133,294,376
crop001838.jpg,639,479,person,285,144,335,391
crop001838.jpg,639,479,person,357,131,425,380
crop001838.jpg,639,479,person,427,140,488,395
crop001838.jpg,639,479,person,527,121,598,406
crop001597.jpg,876,787,person,289,232,464,689
crop001597.jpg,876,787,person,431,251,523,450
crop001597.jpg,876,787,person,1,124,275,787
crop001597.jpg,876,787,person,89,102,298,502
crop001671.jpg,704,960,person,239,295,508,789
crop_000011.jpg,586,720,person,165,96,400,617
person_and_bike_207.jpg,640,480,person,298,108,395,303
person_and_bike_030.jpg,640,480,person,323,121,445,352
person_and_bike_030.jpg,640,480,person,241,152,315,295
crop001615.jpg,841,748,person,7,292,170,671
crop001615.jpg,841,748,person,239,272,345,563
crop001615.jpg,841,748,person,591,303,658,492
crop001615.jpg,841,748,person,730,416,785,591
crop001615.jpg,841,748,person,765,323,841,598
person_and_bike_036.jpg,640,480,person,353,179,404,290
person_231.jpg,640,480,person,266,58,386,470
person_231.jpg,640,480,person,356,102,488,451
person_231.jpg,640,480,person,77,102,224,437
person_171.jpg,640,480,person,204,184,287,400
person_171.jpg,640,480,person,297,167,401,419
PennPed00094.jpg,422,349,person,119,23,260,320
crop001234.jpg,495,717,person,171,167,337,551
crop001550.jpg,955,886,person,398,247,539,674
crop001550.jpg,955,886,person,528,164,749,595
crop001550.jpg,955,886,person,835,66,955,517
person_224.jpg,640,480,person,238,114,328,441
person_224.jpg,640,480,person,379,119,469,410
person_224.jpg,640,480,person,314,143,386,396
person_224.jpg,640,480,person,474,168,563,393
crop001820.jpg,416,594,person,155,152,249,455
PennPed00096.jpg,294,331,person,103,25,209,321
PennPed00096.jpg,294,331,person,3,36,105,323
PennPed00095.jpg,512,375,person,192,36,315,335
PennPed00095.jpg,512,375,person,322,53,438,336
crop001052.jpg,419,516,person,164,166,246,364
crop001052.jpg,419,516,person,1,1,164,513
crop001052.jpg,419,516,person,237,1,354,365
crop001052.jpg,419,516,person,378,46,419,287
crop001642.jpg,1273,960,person,450,249,642,705
crop001642.jpg,1273,960,person,223,220,415,716
crop001642.jpg,1273,960,person,907,268,1059,710
crop001642.jpg,1273,960,person,836,261,943,511
person_289.jpg,640,480,person,261,155,351,443
person_289.jpg,640,480,person,331,167,413,418
FudanPed00068.jpg,375,398,person,248,62,330,362
person_425.jpg,640,480,person,65,76,123,243
person_425.jpg,640,480,person,174,79,223,200
person_425.jpg,640,480,person,325,99,386,230
person_425.jpg,640,480,person,424,123,461,193
person_425.jpg,640,480,person,371,122,422,197
person_425.jpg,640,480,person,122,88,174,197
crop001212.jpg,524,811,person,217,220,398,654
PennPed00060.jpg,505,351,person,45,17,135,321
PennPed00060.jpg,505,351,person,195,17,272,239
PennPed00060.jpg,505,351,person,274,78,388,332
PennPed00060.jpg,505,351,person,381,26,478,336
PennPed00060.jpg,505,351,person,109,26,191,230
crop001842.jpg,639,479,person,526,222,582,380
crop001842.jpg,639,479,person,593,274,634,397
crop001842.jpg,639,479,person,250,165,317,331
crop001842.jpg,639,479,person,487,230,527,370
crop001842.jpg,639,479,person,397,221,439,361
crop001842.jpg,639,479,person,346,227,395,352
crop001842.jpg,639,479,person,442,232,498,362
crop001842.jpg,639,479,person,302,195,347,333
crop001842.jpg,639,479,person,223,204,255,308
crop001842.jpg,639,479,person,160,240,215,299
crop001842.jpg,639,479,person,210,188,241,298
crop001842.jpg,639,479,person,72,178,109,262
crop001842.jpg,639,479,person,131,170,172,285
person_and_bike_130.jpg,640,480,person,350,181,413,342
person_and_bike_130.jpg,640,480,person,280,179,339,340
person_102.jpg,480,640,person,159,53,318,459
person_102.jpg,480,640,person,38,108,101,275
person_102.jpg,480,640,person,41,36,115,268
person_102.jpg,480,640,person,89,34,156,211
person_124.jpg,480,640,person,255,73,328,265
person_124.jpg,480,640,person,29,325,286,638
person_124.jpg,480,640,person,200,68,240,169
crop001554.jpg,495,637,person,197,184,312,503
person_291.jpg,640,480,person,229,138,348,479
person_291.jpg,640,480,person,329,137,456,479
crop001142.jpg,562,756,person,307,261,562,756
PennPed00070.jpg,466,354,person,191,11,318,313
PennPed00070.jpg,466,354,person,19,18,134,343
crop001584.jpg,826,960,person,51,72,260,843
crop001584.jpg,826,960,person,279,111,509,836
crop001250.jpg,854,976,person,287,108,532,829
FudanPed00060.jpg,517,440,person,201,130,300,434
FudanPed00060.jpg,517,440,person,393,145,509,431
FudanPed00060.jpg,517,440,person,280,125,389,429
crop001015.jpg,619,964,person,233,321,405,674
crop001513.jpg,1037,783,person,252,216,397,575
crop001513.jpg,1037,783,person,639,202,766,532
crop001208.jpg,653,727,person,373,169,519,618
crop001208.jpg,653,727,person,171,143,283,411
crop001208.jpg,653,727,person,295,124,345,257
person_177.jpg,640,480,person,241,127,312,398
person_177.jpg,640,480,person,330,135,428,389
person_177.jpg,640,480,person,527,149,571,284
person_177.jpg,640,480,person,36,147,89,231
PennPed00006.jpg,631,436,person,439,106,583,426
PennPed00006.jpg,631,436,person,218,91,331,391
PennPed00006.jpg,631,436,person,113,68,239,408
PennPed00006.jpg,631,436,person,33,90,136,387
PennPed00006.jpg,631,436,person,6,96,82,419
crop001012.jpg,792,976,person,271,264,528,744
crop001033.jpg,894,976,person,322,232,618,954
PennPed00062.jpg,396,315,person,87,12,171,301
PennPed00062.jpg,396,315,person,189,34,288,308
person_234.jpg,640,480,person,228,170,304,361
person_234.jpg,640,480,person,332,163,413,363
person_234.jpg,640,480,person,116,167,179,328
person_234.jpg,640,480,person,214,169,261,326
person_and_bike_040.jpg,640,480,person,539,152,585,287
person_and_bike_040.jpg,640,480,person,369,170,402,264
person_and_bike_040.jpg,640,480,person,403,140,454,273
person_and_bike_040.jpg,640,480,person,450,203,490,274
person_and_bike_040.jpg,640,480,person,477,165,519,281
crop001036.jpg,656,976,person,232,264,398,737
crop001679.jpg,1131,960,person,791,315,994,801
crop001679.jpg,1131,960,person,232,270,377,638
crop001679.jpg,1131,960,person,172,272,246,530
crop001679.jpg,1131,960,person,473,310,583,643
crop001679.jpg,1131,960,person,562,285,703,693
crop001679.jpg,1131,960,person,702,304,781,566
crop001679.jpg,1131,960,person,409,276,465,382
crop001679.jpg,1131,960,person,359,291,412,419
crop001674.jpg,651,915,person,247,203,457,686
person_195.jpg,640,480,person,320,168,408,389
person_195.jpg,640,480,person,259,184,328,384
person_195.jpg,640,480,person,68,171,127,374
crop001614.jpg,994,823,person,918,330,994,647
crop001614.jpg,994,823,person,674,362,764,643
crop001614.jpg,994,823,person,202,345,284,527
crop001614.jpg,994,823,person,385,363,471,628
crop001614.jpg,994,823,person,344,453,402,640
crop001614.jpg,994,823,person,467,351,539,582
crop001614.jpg,994,823,person,545,356,643,595
crop001614.jpg,994,823,person,643,353,707,584
crop001614.jpg,994,823,person,768,337,799,435
person_257.jpg,640,480,person,345,180,418,356
person_257.jpg,640,480,person,257,184,344,362
person_333.jpg,640,480,person,364,169,424,286
person_333.jpg,640,480,person,304,170,350,291
person_333.jpg,640,480,person,224,171,295,341
person_333.jpg,640,480,person,174,194,247,339
crop001595.jpg,511,439,person,436,180,511,436
crop001595.jpg,511,439,person,324,140,378,315
crop001595.jpg,511,439,person,245,146,308,305
crop001595.jpg,511,439,person,1,184,137,437
crop001595.jpg,511,439,person,40,161,73,248
crop001595.jpg,511,439,person,161,161,184,239
crop001595.jpg,511,439,person,186,155,207,240
crop001595.jpg,511,439,person,412,139,509,219
crop001595.jpg,511,439,person,377,157,403,263
crop001595.jpg,511,439,person,221,152,258,263
crop001595.jpg,511,439,person,135,145,166,242
crop001595.jpg,511,439,person,94,150,122,234
crop001039.jpg,666,976,person,426,320,565,793
crop001039.jpg,666,976,person,266,309,408,794
crop001039.jpg,666,976,person,93,176,242,942
crop001039.jpg,666,976,person,1,40,180,965
crop001600.jpg,391,566,person,160,167,257,419
person_201.jpg,640,480,person,316,223,351,344
PennPed00064.jpg,370,322,person,229,18,349,316
crop001712.jpg,691,709,person,411,259,545,606
crop001712.jpg,691,709,person,211,348,341,691
crop001632.jpg,234,409,person,167,147,234,321
crop001044.jpg,431,461,person,186,137,246,323
PennPed00068.jpg,603,387,person,44,82,169,368
PennPed00068.jpg,603,387,person,189,52,291,354
PennPed00068.jpg,603,387,person,444,33,561,350
person_and_bike_019.jpg,640,480,person,243,38,415,420
crop001628.jpg,585,781,person,98,159,266,665
person_162.jpg,640,480,person,316,153,421,418
person_162.jpg,640,480,person,218,150,305,416
person_128.jpg,640,480,person,186,110,269,330
person_128.jpg,640,480,person,364,147,432,325
person_128.jpg,640,480,person,265,114,348,215
PennPed00022.jpg,925,486,person,220,147,366,412
PennPed00022.jpg,925,486,person,40,113,167,413
PennPed00022.jpg,925,486,person,144,146,239,407
PennPed00022.jpg,925,486,person,334,154,416,338
PennPed00007.jpg,570,412,person,295,70,407,404
PennPed00007.jpg,570,412,person,420,64,525,352
PennPed00007.jpg,570,412,person,199,68,310,381
PennPed00007.jpg,570,412,person,44,54,161,347
PennPed00007.jpg,570,412,person,135,78,213,362
person_160.jpg,640,480,person,343,120,465,411
person_160.jpg,640,480,person,224,132,330,408
person_160.jpg,640,480,person,57,122,192,419
crop001120.jpg,612,500,person,219,149,277,320
crop001120.jpg,612,500,person,262,153,331,319
crop001120.jpg,612,500,person,416,180,463,335
crop001120.jpg,612,500,person,353,158,417,335
person_299.jpg,640,480,person,313,213,397,438
person_299.jpg,640,480,person,192,115,306,464
crop001709.jpg,477,388,person,263,113,318,216
crop001709.jpg,477,388,person,72,100,127,190
person_173.jpg,640,480,person,302,135,392,418
person_173.jpg,640,480,person,388,132,484,432
crop001570.jpg,545,615,person,265,175,382,440
crop001570.jpg,545,615,person,121,185,202,317
crop001002.jpg,1239,976,person,994,53,1168,586
crop001002.jpg,1239,976,person,869,84,994,588
crop001002.jpg,1239,976,person,780,151,895,559
crop001002.jpg,1239,976,person,566,163,952,958
crop001002.jpg,1239,976,person,272,219,613,898
crop001002.jpg,1239,976,person,608,73,753,255
FudanPed00063.jpg,486,359,person,26,33,106,336
FudanPed00063.jpg,486,359,person,158,42,263,334
FudanPed00063.jpg,486,359,person,130,33,194,222
PennPed00025.jpg,450,334,person,73,22,215,308
PennPed00025.jpg,450,334,person,182,145,281,301
crop001040.jpg,545,680,person,212,171,320,533
crop001040.jpg,545,680,person,322,169,434,529
crop001260.jpg,634,818,person,192,197,363,635
crop001260.jpg,634,818,person,270,183,399,596
crop001695.jpg,817,576,person,393,338,521,569
crop001695.jpg,817,576,person,245,424,360,576
crop001695.jpg,817,576,person,137,354,233,576
crop001695.jpg,817,576,person,179,157,274,372
crop001695.jpg,817,576,person,513,225,573,453
person_298.jpg,640,480,person,338,219,420,403
person_298.jpg,640,480,person,245,152,342,422
person_130.jpg,640,480,person,301,81,416,417
person_130.jpg,640,480,person,193,139,397,429
crop001054.jpg,626,674,person,345,187,405,390
crop001054.jpg,626,674,person,266,200,404,468
crop001054.jpg,626,674,person,459,97,626,669
crop001018.jpg,699,976,person,196,114,528,958
FudanPed00001.jpg,559,536,person,158,175,323,441
FudanPed00001.jpg,559,536,person,408,165,546,496
person_106.jpg,480,640,person,224,273,296,403
crop001222.jpg,643,765,person,379,203,620,762
crop001222.jpg,643,765,person,238,169,406,732
crop001146.jpg,584,720,person,247,209,403,720
crop001146.jpg,584,720,person,24,28,242,706
person_340.jpg,640,480,person,173,112,286,425
person_340.jpg,640,480,person,284,117,415,422
person_357.jpg,480,640,person,343,183,416,379
person_357.jpg,480,640,person,404,199,469,392
person_252.jpg,640,480,person,220,171,316,421
person_252.jpg,640,480,person,391,130,510,428
person_252.jpg,640,480,person,190,166,238,409
PennPed00027.jpg,492,391,person,349,85,435,317
PennPed00027.jpg,492,391,person,203,82,333,366
PennPed00027.jpg,492,391,person,118,92,216,363
FudanPed00018.jpg,253,323,person,21,19,133,303
crop001696.jpg,1013,781,person,808,166,956,701
crop001696.jpg,1013,781,person,297,188,379,530
crop001696.jpg,1013,781,person,355,181,497,550
crop001839.jpg,639,479,person,43,142,114,369
crop001839.jpg,639,479,person,369,133,493,435
crop001839.jpg,639,479,person,271,127,329,325
crop001216.jpg,549,713,person,196,107,329,580
person_319.jpg,640,480,person,282,187,361,391
person_319.jpg,640,480,person,167,163,223,355
person_319.jpg,640,480,person,559,173,605,279
person_319.jpg,640,480,person,598,167,638,275
person_319.jpg,640,480,person,480,176,519,248
person_319.jpg,640,480,person,512,170,553,250
person_319.jpg,640,480,person,374,173,407,232
FudanPed00010.jpg,411,393,person,279,86,407,377
person_and_bike_127.jpg,640,480,person,250,217,350,429
person_and_bike_127.jpg,640,480,person,321,64,440,415
crop001693.jpg,456,631,person,214,437,327,631
crop001693.jpg,456,631,person,75,443,194,630
crop001693.jpg,456,631,person,241,182,326,384
crop001693.jpg,456,631,person,360,509,456,629
crop001693.jpg,456,631,person,142,249,232,405
crop001693.jpg,456,631,person,323,221,397,443
crop001693.jpg,456,631,person,415,278,456,499
crop001810.jpg,488,718,person,212,264,323,582
PennPed00054.jpg,324,334,person,44,17,136,316
crop001038.jpg,1157,910,person,676,328,791,674
crop001038.jpg,1157,910,person,402,423,506,647
crop001038.jpg,1157,910,person,276,359,364,642
crop001038.jpg,1157,910,person,180,372,262,658
crop001038.jpg,1157,910,person,195,257,266,371
crop001038.jpg,1157,910,person,852,2,1157,907
crop001038.jpg,1157,910,person,854,372,946,669
crop001038.jpg,1157,910,person,89,363,135,510
crop001038.jpg,1157,910,person,136,335,198,627
crop001071.jpg,556,793,person,206,252,387,657
crop001071.jpg,556,793,person,383,110,556,793
crop001105.jpg,517,777,person,304,193,517,774
crop001105.jpg,517,777,person,5,434,72,695
crop001105.jpg,517,777,person,208,295,287,527
person_305.jpg,640,480,person,282,176,351,353
person_305.jpg,640,480,person,168,186,268,437
person_305.jpg,640,480,person,399,204,471,334
crop001103.jpg,541,610,person,221,194,323,400
crop001103.jpg,541,610,person,121,319,199,400
crop001103.jpg,541,610,person,13,281,119,400
crop001073.jpg,468,740,person,83,206,265,740
crop001073.jpg,468,740,person,1,184,80,733
crop001073.jpg,468,740,person,299,180,373,409
crop001073.jpg,468,740,person,355,189,426,427
crop001073.jpg,468,740,person,411,253,468,473
crop001005.jpg,891,976,person,428,122,626,932
crop001005.jpg,891,976,person,210,253,331,576
crop001005.jpg,891,976,person,49,101,156,560
crop001005.jpg,891,976,person,757,75,891,600
crop001005.jpg,891,976,person,604,101,710,403
crop001005.jpg,891,976,person,398,112,467,201
crop001005.jpg,891,976,person,218,144,326,344
crop001005.jpg,891,976,person,133,140,227,586
crop001005.jpg,891,976,person,543,144,629,295
crop001005.jpg,891,976,person,442,270,492,593
crop001005.jpg,891,976,person,293,95,398,228
crop001005.jpg,891,976,person,643,98,787,615
PennPed00011.jpg,508,376,person,91,57,238,347
PennPed00011.jpg,508,376,person,247,50,326,355
person_242.jpg,640,480,person,232,88,360,444
person_242.jpg,640,480,person,368,50,492,436
crop001078.jpg,480,502,person,274,134,353,364
crop001078.jpg,480,502,person,172,122,277,363
crop001078.jpg,480,502,person,11,113,136,490
crop001078.jpg,480,502,person,436,92,480,471
crop001078.jpg,480,502,person,373,125,408,244
crop001242.jpg,546,836,person,199,165,428,797
crop001242.jpg,546,836,person,435,216,546,534
crop001503.jpg,465,373,person,185,136,275,264
PennPed00093.jpg,368,311,person,56,6,235,303
person_294.jpg,640,480,person,276,167,373,417
crop001640.jpg,606,960,person,266,154,544,810
person_196.jpg,640,480,person,183,97,294,388
person_196.jpg,640,480,person,328,76,457,396
crop001697.jpg,698,956,person,65,193,277,767
crop001697.jpg,698,956,person,254,219,443,488
crop001697.jpg,698,956,person,442,230,635,441
crop001823.jpg,218,294,person,96,84,137,199
person_221.jpg,640,480,person,227,140,371,468
person_221.jpg,640,480,person,323,143,422,361
person_172.jpg,640,480,person,237,183,288,328
person_172.jpg,640,480,person,294,179,373,379
person_172.jpg,640,480,person,380,185,461,384
crop001583.jpg,441,960,person,264,267,428,813
crop001583.jpg,441,960,person,110,213,267,843
crop001583.jpg,441,960,person,1,252,108,926
crop001059.jpg,681,976,person,46,189,218,755
crop001059.jpg,681,976,person,178,237,407,821
FudanPed00019.jpg,497,442,person,189,120,347,425
FudanPed00019.jpg,497,442,person,2,133,149,391
crop001680.jpg,415,506,person,320,231,415,506
crop001680.jpg,415,506,person,1,150,141,506
crop001680.jpg,415,506,person,142,188,215,383
crop001680.jpg,415,506,person,223,192,300,329
crop001011.jpg,1124,826,person,162,169,436,778
crop001011.jpg,1124,826,person,745,113,926,822
crop001011.jpg,1124,826,person,513,162,748,783
crop001011.jpg,1124,826,person,416,313,562,736
crop001662.jpg,665,516,person,101,207,149,331
crop001662.jpg,665,516,person,186,216,226,337
crop001635.jpg,758,960,person,409,401,544,858
crop001635.jpg,758,960,person,167,273,397,863
person_208.jpg,640,480,person,307,105,420,444
person_170.jpg,640,480,person,211,158,309,388
person_170.jpg,640,480,person,429,154,506,373
person_170.jpg,640,480,person,301,159,343,279
person_229.jpg,640,480,person,228,88,340,480
person_229.jpg,640,480,person,353,85,480,476
person_229.jpg,640,480,person,1,97,97,461
crop001650.jpg,592,522,person,452,250,592,521
crop001650.jpg,592,522,person,74,196,252,499
crop001650.jpg,592,522,person,207,184,310,440
crop001037.jpg,707,976,person,258,193,457,778
person_233.jpg,640,480,person,176,162,274,406
person_233.jpg,640,480,person,414,167,508,402
PennPed00043.jpg,480,356,person,196,44,291,339
PennPed00043.jpg,480,356,person,336,58,436,330
PennPed00043.jpg,480,356,person,136,74,206,256
PennPed00043.jpg,480,356,person,268,76,330,259
PennPed00055.jpg,417,353,person,93,50,207,339
PennPed00055.jpg,417,353,person,60,6,126,237
person_142.jpg,640,480,person,244,7,416,414
person_142.jpg,640,480,person,120,197,223,395
crop001210.jpg,338,723,person,157,155,296,533
crop001200.jpg,667,976,person,231,188,441,814
crop001137.jpg,513,730,person,223,201,343,590
crop001663.jpg,756,595,person,272,170,361,384
crop001663.jpg,756,595,person,531,273,597,399
crop001666.jpg,858,928,person,411,353,560,697
crop001666.jpg,858,928,person,195,341,343,699
crop001014.jpg,845,976,person,287,299,541,705
person_376.jpg,640,480,person,273,197,338,331
person_376.jpg,640,480,person,204,185,258,336
person_376.jpg,640,480,person,367,181,427,303
crop001128.jpg,631,789,person,213,203,462,789
crop001128.jpg,631,789,person,1,126,113,786
crop001128.jpg,631,789,person,565,359,631,642
crop001128.jpg,631,789,person,480,330,586,527
person_174.jpg,640,480,person,179,181,265,375
person_174.jpg,640,480,person,322,97,426,374
person_174.jpg,640,480,person,421,218,507,373
person_343.jpg,640,480,person,191,185,302,362
crop001582.jpg,682,960,person,203,46,437,783
person_131.jpg,640,480,person,213,176,282,387
person_131.jpg,640,480,person,384,165,438,344
person_131.jpg,640,480,person,294,174,371,365
PennPed00079.jpg,357,337,person,212,20,327,323
person_292.jpg,640,480,person,279,151,382,438
person_292.jpg,640,480,person,241,164,292,335
PennPed00056.jpg,618,420,person,140,114,202,387
PennPed00056.jpg,618,420,person,175,108,277,391
crop001246.jpg,314,707,person,133,178,280,534
crop001246.jpg,314,707,person,237,148,314,451
FudanPed00006.jpg,385,426,person,204,104,357,390
FudanPed00006.jpg,385,426,person,33,89,104,368
FudanPed00006.jpg,385,426,person,1,107,85,395
person_and_bike_137.jpg,640,480,person,242,147,347,418
person_and_bike_137.jpg,640,480,person,331,121,455,418
person_and_bike_137.jpg,640,480,person,1,174,82,447
person_395.jpg,640,480,person,145,161,209,323
person_395.jpg,640,480,person,204,167,273,320
person_327.jpg,640,480,person,223,109,298,334
crop001130.jpg,613,976,person,179,210,409,864
crop001130.jpg,613,976,person,465,189,613,747
crop001130.jpg,613,976,person,87,254,234,783
person_and_bike_034.jpg,640,480,person,296,167,368,328
person_097.jpg,480,640,person,252,82,383,569
person_097.jpg,480,640,person,96,139,245,573
person_097.jpg,480,640,person,1,113,120,425
person_and_bike_120.jpg,640,480,person,385,128,471,428
person_and_bike_120.jpg,640,480,person,127,138,218,397
crop001124.jpg,496,716,person,369,221,485,536
crop001124.jpg,496,716,person,232,192,385,553
person_328.jpg,640,480,person,95,221,142,358
crop001637.jpg,1063,828,person,526,271,652,643
crop001637.jpg,1063,828,person,321,302,453,569
crop001111.jpg,514,716,person,215,257,277,472
crop001111.jpg,514,716,person,1,153,372,716
crop001601.jpg,467,960,person,46,238,257,778
crop001049.jpg,435,352,person,291,62,322,119
crop001049.jpg,435,352,person,237,63,263,116
crop001049.jpg,435,352,person,180,125,218,220
crop001049.jpg,435,352,person,221,129,262,218
crop001049.jpg,435,352,person,1,254,74,352
crop001049.jpg,435,352,person,141,137,176,194
crop001572.jpg,660,569,person,426,195,507,407
crop001572.jpg,660,569,person,1,172,69,413
crop001572.jpg,660,569,person,238,182,296,309
crop001268.jpg,619,419,person,404,132,478,307
crop001268.jpg,619,419,person,209,128,294,312
crop001268.jpg,619,419,person,2,132,77,314
crop001643.jpg,405,482,person,256,200,405,476
crop001264.jpg,715,976,person,297,110,494,818
crop001264.jpg,715,976,person,122,155,307,693
person_321.jpg,640,480,person,433,164,480,282
person_321.jpg,640,480,person,384,162,424,276
crop001675.jpg,616,824,person,207,303,336,599
crop001675.jpg,616,824,person,40,235,199,438
crop001085.jpg,409,976,person,1,226,216,792
crop001085.jpg,409,976,person,231,104,409,976
crop001690.jpg,890,665,person,257,217,370,509
crop001690.jpg,890,665,person,649,282,782,530
crop001690.jpg,890,665,person,353,176,471,456
crop001690.jpg,890,665,person,454,446,569,651
crop001690.jpg,890,665,person,541,209,654,493
crop001690.jpg,890,665,person,376,34,439,151
crop001690.jpg,890,665,person,294,2,370,136
crop001690.jpg,890,665,person,810,196,890,452
person_168.jpg,640,480,person,316,196,366,331
person_168.jpg,640,480,person,245,208,300,325
person_344.jpg,640,480,person,58,68,170,365
person_344.jpg,640,480,person,369,188,504,480
person_344.jpg,640,480,person,448,112,572,452
crop001613.jpg,722,641,person,318,188,429,495
crop001613.jpg,722,641,person,1,195,86,428
FudanPed00007.jpg,539,381,person,113,66,226,359
FudanPed00007.jpg,539,381,person,308,107,353,196
FudanPed00007.jpg,539,381,person,377,75,532,381
FudanPed00007.jpg,539,381,person,449,65,521,229
crop001151.jpg,773,976,person,278,235,478,817
crop001667.jpg,665,960,person,538,257,613,403
crop001667.jpg,665,960,person,448,255,513,404
crop001667.jpg,665,960,person,1,239,78,403
crop001144.jpg,604,510,person,189,358,298,510
crop001144.jpg,604,510,person,448,305,551,416
crop001144.jpg,604,510,person,350,165,434,384
crop001144.jpg,604,510,person,2,234,154,510
PennPed00009.jpg,648,413,person,466,92,556,397
PennPed00009.jpg,648,413,person,311,73,415,373
PennPed00009.jpg,648,413,person,157,80,251,342
PennPed00009.jpg,648,413,person,240,78,306,317
PennPed00009.jpg,648,413,person,45,77,128,290
person_302.jpg,640,480,person,186,153,333,471
person_302.jpg,640,480,person,336,146,465,446
person_302.jpg,640,480,person,535,172,573,244
crop001125.jpg,506,689,person,253,213,362,552
crop001125.jpg,506,689,person,117,242,234,557
crop001125.jpg,506,689,person,401,227,505,508
crop001219.jpg,431,602,person,322,100,431,594
person_220.jpg,640,480,person,352,211,425,402
person_220.jpg,640,480,person,317,113,367,267
person_220.jpg,640,480,person,235,118,297,270
person_220.jpg,640,480,person,202,166,241,253
crop001102.jpg,899,639,person,90,188,243,577
crop001102.jpg,899,639,person,612,28,899,639
crop001102.jpg,899,639,person,345,182,440,425
crop001102.jpg,899,639,person,431,191,519,419
crop001102.jpg,899,639,person,675,180,789,318
crop001102.jpg,899,639,person,634,159,701,430
crop001102.jpg,899,639,person,573,178,649,439
crop001102.jpg,899,639,person,515,184,590,400
crop001811.jpg,327,808,person,133,179,266,532
crop001689.jpg,531,960,person,40,145,237,756
crop001689.jpg,531,960,person,262,110,403,504
crop001689.jpg,531,960,person,446,92,531,420
person_279.jpg,640,480,person,458,203,533,371
person_279.jpg,640,480,person,280,356,365,479
person_279.jpg,640,480,person,118,190,175,311
person_279.jpg,640,480,person,113,59,166,147
person_279.jpg,640,480,person,196,172,247,329
person_279.jpg,640,480,person,267,223,330,405
crop001253.jpg,635,976,person,226,161,416,860
crop001253.jpg,635,976,person,142,188,245,520
crop001050.jpg,843,976,person,429,270,572,770
crop001050.jpg,843,976,person,725,306,821,433
crop001050.jpg,843,976,person,632,320,707,569
crop001050.jpg,843,976,person,213,294,372,732
crop001050.jpg,843,976,person,1,114,209,952
crop001050.jpg,843,976,person,158,282,207,444
crop001050.jpg,843,976,person,203,282,253,453
crop001050.jpg,843,976,person,72,286,146,377
crop001050.jpg,843,976,person,379,314,438,493
crop001050.jpg,843,976,person,318,300,380,431
person_129.jpg,640,480,person,321,164,394,362
person_129.jpg,640,480,person,168,200,239,355
person_129.jpg,640,480,person,268,171,325,362
crop001534.jpg,1034,960,person,281,280,489,766
crop001087.jpg,345,976,person,13,351,181,756
crop001087.jpg,345,976,person,186,305,345,764
crop001087.jpg,345,976,person,111,251,217,576
PennPed00050.jpg,419,315,person,90,38,186,296
crop001594.jpg,762,673,person,412,195,556,527
crop001594.jpg,762,673,person,311,221,397,503
crop001594.jpg,762,673,person,195,219,309,494
crop001594.jpg,762,673,person,103,186,152,356
crop001594.jpg,762,673,person,22,193,79,353
crop001594.jpg,762,673,person,602,249,719,465
crop001594.jpg,762,673,person,583,204,669,468
crop001594.jpg,762,673,person,152,205,184,310
crop001594.jpg,762,673,person,340,186,375,263
crop001594.jpg,762,673,person,186,182,295,270
crop001594.jpg,762,673,person,497,196,547,244
crop001162.jpg,349,412,person,197,97,262,353
crop001162.jpg,349,412,person,115,88,191,340
PennPed00031.jpg,487,340,person,255,39,400,331
crop001274.jpg,467,754,person,183,119,325,616
crop001274.jpg,467,754,person,361,217,467,583
person_117.jpg,480,640,person,180,153,331,570
PennPed00072.jpg,473,348,person,137,24,270,328
PennPed00072.jpg,473,348,person,294,54,427,332
PennPed00032.jpg,374,344,person,99,46,212,330
crop001020.jpg,767,976,person,274,260,476,930
person_209.jpg,640,480,person,302,145,420,480
crop001687.jpg,690,960,person,151,138,339,695
crop001591.jpg,785,960,person,191,120,432,907
crop001591.jpg,785,960,person,21,190,182,573
crop001591.jpg,785,960,person,1,786,83,923
crop001254.jpg,417,976,person,50,121,191,788
crop001506.jpg,577,836,person,213,191,399,620
crop001145.jpg,600,513,person,485,270,584,504
crop001145.jpg,600,513,person,88,245,204,353
crop001145.jpg,600,513,person,115,350,251,509
crop001145.jpg,600,513,person,69,90,141,300
crop001145.jpg,600,513,person,8,106,72,314
crop001145.jpg,600,513,person,395,221,465,507
crop001009.jpg,478,627,person,193,157,298,480
person_139.jpg,640,480,person,252,117,350,421
person_139.jpg,640,480,person,54,125,141,384
person_139.jpg,640,480,person,166,146,264,441
person_139.jpg,640,480,person,497,128,578,350
person_139.jpg,640,480,person,409,117,501,356
person_139.jpg,640,480,person,119,123,169,277
person_060.jpg,640,480,person,279,216,351,352
crop001577.jpg,604,960,person,148,30,444,863
crop001577.jpg,604,960,person,8,236,130,451
PennPed00066.jpg,428,375,person,262,30,404,319
PennPed00066.jpg,428,375,person,14,68,137,364
PennPed00066.jpg,428,375,person,88,22,189,352
PennPed00012.jpg,565,429,person,127,117,211,412
crop001155.jpg,691,976,person,221,169,478,944
crop001032.jpg,865,976,person,320,210,549,786
crop001032.jpg,865,976,person,1,314,199,898
crop001644.jpg,389,641,person,133,190,257,505
crop001644.jpg,389,641,person,260,193,389,641
FudanPed00067.jpg,453,416,person,60,75,185,376
crop001158.jpg,262,415,person,51,94,132,341
crop001529.jpg,844,807,person,346,186,525,625
PennPed00041.jpg,570,422,person,349,97,476,382
crop001703.jpg,684,960,person,207,287,369,757
crop001703.jpg,684,960,person,349,286,523,757
crop001703.jpg,684,960,person,1,287,154,902
crop001703.jpg,684,960,person,514,269,647,544
crop001053.jpg,600,976,person,206,237,443,934
crop001053.jpg,600,976,person,105,294,162,459
crop001843.jpg,639,479,person,23,242,135,479
crop001843.jpg,639,479,person,149,242,228,479
crop001843.jpg,639,479,person,222,229,301,477
crop001843.jpg,639,479,person,309,209,370,475
crop001843.jpg,639,479,person,363,218,434,433
crop001843.jpg,639,479,person,443,176,517,417
crop001843.jpg,639,479,person,480,182,528,381
crop001843.jpg,639,479,person,512,189,552,371
crop001843.jpg,639,479,person,539,176,593,359
FudanPed00020.jpg,555,417,person,338,93,508,385
crop001153.jpg,515,594,person,307,340,515,594
crop001153.jpg,515,594,person,278,258,320,408
crop001698.jpg,729,558,person,411,173,499,379
crop001698.jpg,729,558,person,227,148,332,420
crop001698.jpg,729,558,person,3,177,111,478
crop001698.jpg,729,558,person,90,162,168,313
crop001698.jpg,729,558,person,137,133,202,247
crop001817.jpg,329,430,person,130,133,188,287
crop001817.jpg,329,430,person,66,229,137,320
crop001817.jpg,329,430,person,194,180,292,288
crop001096.jpg,533,787,person,280,602,533,780
crop001096.jpg,533,787,person,1,304,88,787
crop001096.jpg,533,787,person,191,205,312,596
crop001096.jpg,533,787,person,100,268,184,388
crop001096.jpg,533,787,person,345,279,415,410
crop001096.jpg,533,787,person,401,244,533,588
crop001561.jpg,820,708,person,104,235,244,557
crop001561.jpg,820,708,person,479,258,594,582
crop001561.jpg,820,708,person,321,340,421,554
PennPed00003.jpg,670,418,person,9,32,182,360
PennPed00003.jpg,670,418,person,418,56,541,358
PennPed00003.jpg,670,418,person,525,86,669,403
person_341.jpg,640,480,person,327,142,466,479
person_341.jpg,640,480,person,243,61,354,439
person_341.jpg,640,480,person,173,95,244,375
person_341.jpg,640,480,person,1,67,142,468
person_341.jpg,640,480,person,89,76,159,421
crop001259.jpg,501,771,person,151,131,385,644
person_260.jpg,640,480,person,339,173,400,317
person_260.jpg,640,480,person,286,196,330,324
PennPed00088.jpg,375,320,person,75,11,230,310
PennPed00013.jpg,564,385,person,103,74,211,362
PennPed00013.jpg,564,385,person,261,91,367,359
PennPed00013.jpg,564,385,person,381,78,496,351
PennPed00013.jpg,564,385,person,210,85,263,193
crop001133.jpg,592,476,person,301,143,377,304
crop001133.jpg,592,476,person,4,191,209,476
crop001133.jpg,592,476,person,248,323,404,469
person_and_bike_209.jpg,640,480,person,335,106,421,309
crop001598.jpg,695,882,person,522,216,695,882
crop001598.jpg,695,882,person,296,291,451,687
person_286.jpg,640,480,person,178,109,350,413
person_286.jpg,640,480,person,363,129,436,271
person_286.jpg,640,480,person,589,128,615,179
person_286.jpg,640,480,person,467,128,489,177
crop001806.jpg,585,588,person,298,169,386,381
crop001806.jpg,585,588,person,125,185,211,389
crop001806.jpg,585,588,person,201,149,293,420
crop001806.jpg,585,588,person,351,150,416,294
crop001806.jpg,585,588,person,473,171,531,317
person_and_bike_005.jpg,480,640,person,162,192,252,349
person_237.jpg,640,480,person,229,143,324,411
person_237.jpg,640,480,person,312,120,424,414
crop001813.jpg,249,362,person,132,116,175,233
PennPed00086.jpg,474,354,person,347,29,455,338
PennPed00086.jpg,474,354,person,215,44,314,322
PennPed00086.jpg,474,354,person,73,160,202,352
crop001596.jpg,1027,850,person,625,237,848,702
crop001596.jpg,1027,850,person,323,235,480,800
crop001596.jpg,1027,850,person,180,235,335,794
crop001596.jpg,1027,850,person,1,220,89,427
crop001596.jpg,1027,850,person,1,167,59,271
crop001596.jpg,1027,850,person,494,215,583,370
crop001596.jpg,1027,850,person,340,171,446,289
crop001596.jpg,1027,850,person,153,180,245,494
PennPed00015.jpg,906,438,person,125,94,287,417
PennPed00015.jpg,906,438,person,289,88,476,393
PennPed00015.jpg,906,438,person,741,92,830,374
person_and_bike_155.jpg,640,480,person,212,37,467,472
crop001612.jpg,862,781,person,561,287,654,517
crop001612.jpg,862,781,person,412,282,532,588
crop001612.jpg,862,781,person,259,274,413,580
crop001612.jpg,862,781,person,35,303,129,582
crop001612.jpg,862,781,person,2,289,71,542
crop001612.jpg,862,781,person,129,288,161,372
crop001612.jpg,862,781,person,180,283,210,369
crop001516.jpg,763,960,person,93,249,435,957
crop001516.jpg,763,960,person,362,214,533,808
person_329.jpg,640,480,person,429,114,518,330
crop001652.jpg,494,960,person,48,164,239,797
crop001652.jpg,494,960,person,399,205,493,457
PennPed00021.jpg,712,436,person,74,115,207,402
PennPed00021.jpg,712,436,person,467,76,587,385
crop001122.jpg,507,571,person,196,190,274,406
crop001122.jpg,507,571,person,266,190,338,410
PennPed00053.jpg,377,344,person,16,25,140,307
PennPed00053.jpg,377,344,person,160,25,272,325
crop001629.jpg,965,783,person,631,282,732,636
crop001629.jpg,965,783,person,431,218,586,698
crop001629.jpg,965,783,person,338,220,471,665
crop001617.jpg,677,707,person,314,284,415,595
crop001617.jpg,677,707,person,207,291,311,486
crop001617.jpg,677,707,person,75,303,111,420
crop001617.jpg,677,707,person,35,296,71,422
crop001617.jpg,677,707,person,1,291,28,409
crop001617.jpg,677,707,person,1,353,375,707
crop001617.jpg,677,707,person,406,322,441,449
crop001112.jpg,522,488,person,234,206,280,306
crop001112.jpg,522,488,person,284,205,329,311
crop001112.jpg,522,488,person,460,193,507,385
PennPed00005.jpg,767,454,person,57,125,169,411
PennPed00005.jpg,767,454,person,160,153,269,413
PennPed00005.jpg,767,454,person,536,164,673,447
PennPed00005.jpg,767,454,person,607,147,692,402
PennPed00005.jpg,767,454,person,263,138,428,437
crop001714.jpg,475,960,person,278,151,471,958
crop001714.jpg,475,960,person,140,279,253,677
crop001714.jpg,475,960,person,224,148,326,830
crop001714.jpg,475,960,person,1,293,85,766
person_199.jpg,640,480,person,141,183,214,405
person_199.jpg,640,480,person,220,178,291,393
person_199.jpg,640,480,person,297,173,363,388
crop001649.jpg,1050,960,person,538,324,682,763
crop001649.jpg,1050,960,person,288,287,403,532
crop001649.jpg,1050,960,person,119,310,241,638
crop001649.jpg,1050,960,person,376,276,454,448
crop001079.jpg,527,778,person,162,178,325,608
crop001079.jpg,527,778,person,9,227,79,448
crop001079.jpg,527,778,person,362,350,441,573
crop001079.jpg,527,778,person,350,204,427,353
crop001114.jpg,952,938,person,440,233,573,773
crop001114.jpg,952,938,person,648,250,857,775
crop001114.jpg,952,938,person,1,326,106,803
crop001114.jpg,952,938,person,292,295,425,716
crop001114.jpg,952,938,person,809,263,952,728
crop001007.jpg,1272,767,person,238,229,410,709
crop001007.jpg,1272,767,person,919,280,1145,766
crop001007.jpg,1272,767,person,728,271,916,753
crop001007.jpg,1272,767,person,548,217,743,730
crop001007.jpg,1272,767,person,388,206,557,721
crop001007.jpg,1272,767,person,146,382,178,444
crop001007.jpg,1272,767,person,74,361,107,434
crop001007.jpg,1272,767,person,40,302,63,340
crop001007.jpg,1272,767,person,1098,205,1160,320
crop001007.jpg,1272,767,person,1,302,17,341
crop001007.jpg,1272,767,person,1202,196,1249,305
FudanPed00011.jpg,459,420,person,274,103,445,397
crop001093.jpg,908,976,person,162,227,325,798
crop001093.jpg,908,976,person,305,297,468,856
crop001093.jpg,908,976,person,5,181,121,728
crop001093.jpg,908,976,person,429,162,502,305
crop001093.jpg,908,976,person,481,182,663,825
crop001093.jpg,908,976,person,563,143,901,945
crop001093.jpg,908,976,person,660,238,736,551
person_270.jpg,640,480,person,81,48,227,471
person_270.jpg,640,480,person,344,80,470,478
person_270.jpg,640,480,person,215,61,330,480
person_169.jpg,640,480,person,183,119,278,408
person_169.jpg,640,480,person,283,125,404,395
PennPed00045.jpg,692,395,person,321,61,427,351
PennPed00045.jpg,692,395,person,72,62,203,360
PennPed00045.jpg,692,395,person,223,60,331,353
PennPed00045.jpg,692,395,person,521,41,648,354
PennPed00045.jpg,692,395,person,422,67,486,218
PennPed00045.jpg,692,395,person,491,58,554,213
crop001255.jpg,415,751,person,203,174,360,546
crop001720.jpg,431,758,person,151,366,248,573
crop001720.jpg,431,758,person,255,379,350,579
PennPed00051.jpg,723,411,person,43,48,207,327
PennPed00051.jpg,723,411,person,323,59,487,376
PennPed00051.jpg,723,411,person,556,62,630,345
PennPed00051.jpg,723,411,person,451,31,580,380
crop001565.jpg,546,579,person,272,295,480,495
crop001565.jpg,546,579,person,143,129,261,412
crop001565.jpg,546,579,person,1,133,128,403
crop001565.jpg,546,579,person,290,105,410,256
crop001565.jpg,546,579,person,457,3,546,257
crop001553.jpg,562,726,person,204,169,383,588
crop001829.jpg,546,390,person,301,163,346,284
crop001829.jpg,546,390,person,212,162,249,280
PennPed00075.jpg,368,322,person,199,19,339,308
person_346.jpg,640,480,person,211,161,300,417
person_346.jpg,640,480,person,311,172,396,418
person_and_bike_125.jpg,640,480,person,194,130,284,338
person_and_bike_125.jpg,640,480,person,451,132,575,410
person_259.jpg,640,480,person,332,173,402,335
person_259.jpg,640,480,person,264,171,327,343
person_259.jpg,640,480,person,231,185,288,330
person_259.jpg,640,480,person,177,178,223,338
person_101.jpg,480,640,person,176,185,289,490
person_101.jpg,480,640,person,1,211,110,518
person_101.jpg,480,640,person,370,224,453,418
FudanPed00074.jpg,421,370,person,45,49,134,354
FudanPed00074.jpg,421,370,person,177,59,270,346
crop001603.jpg,493,960,person,418,326,493,810
crop001603.jpg,493,960,person,275,350,431,780
crop001603.jpg,493,960,person,207,344,278,750
crop001154.jpg,884,976,person,288,151,626,971
person_and_bike_003.jpg,480,640,person,184,154,300,477
crop001028.jpg,904,976,person,696,181,904,959
crop001028.jpg,904,976,person,303,266,580,917
crop001063.jpg,399,976,person,208,235,331,809
crop001063.jpg,399,976,person,311,316,379,538
crop001063.jpg,399,976,person,98,297,153,519
person_111.jpg,480,640,person,168,131,328,594
crop001072.jpg,1076,976,person,1,147,280,969
crop001072.jpg,1076,976,person,282,259,411,821
crop001072.jpg,1076,976,person,415,323,575,823
crop001072.jpg,1076,976,person,186,301,271,777
crop001072.jpg,1076,976,person,821,276,951,772
crop001072.jpg,1076,976,person,619,279,734,778
crop001072.jpg,1076,976,person,529,298,639,801
crop001072.jpg,1076,976,person,1008,315,1076,730
crop001072.jpg,1076,976,person,907,306,1026,715
crop001072.jpg,1076,976,person,698,278,803,792
crop001094.jpg,775,879,person,235,251,388,688
crop001094.jpg,775,879,person,412,250,557,681
crop001094.jpg,775,879,person,672,278,759,500
crop001094.jpg,775,879,person,536,256,618,496
crop001094.jpg,775,879,person,56,243,134,489
crop001094.jpg,775,879,person,142,269,210,478
crop001094.jpg,775,879,person,217,274,272,463
crop001094.jpg,775,879,person,596,262,664,492
FudanPed00003.jpg,479,445,person,295,133,444,419
crop001006.jpg,970,976,person,884,84,970,255
crop001003.jpg,851,976,person,719,92,842,231
crop001003.jpg,851,976,person,197,181,337,677
crop001003.jpg,851,976,person,1,194,355,972
crop001003.jpg,851,976,person,156,201,223,336
crop001003.jpg,851,976,person,292,120,469,705
crop001003.jpg,851,976,person,1,93,165,329
crop001647.jpg,551,417,person,214,170,257,291
crop001647.jpg,551,417,person,254,173,306,300
person_179.jpg,640,480,person,293,144,398,441
person_and_bike_119.jpg,640,480,person,236,94,359,449
crop001530.jpg,719,531,person,41,170,221,515
person_254.jpg,640,480,person,369,186,468,371
person_254.jpg,640,480,person,273,131,365,373
person_254.jpg,640,480,person,207,102,300,386
crop001104.jpg,626,862,person,221,277,346,688
crop001104.jpg,626,862,person,350,404,456,674
crop001104.jpg,626,862,person,68,236,244,657
FudanPed00073.jpg,516,392,person,59,58,165,359
FudanPed00073.jpg,516,392,person,192,55,307,355
person_181.jpg,640,480,person,373,173,456,379
person_181.jpg,640,480,person,268,181,349,389
person_181.jpg,640,480,person,92,146,232,476
crop001106.jpg,635,888,person,213,216,385,678
PennPed00049.jpg,452,350,person,168,42,264,332
PennPed00049.jpg,452,350,person,84,45,177,337
person_and_bike_148.jpg,640,480,person,156,132,286,467
person_and_bike_148.jpg,640,480,person,364,121,459,403
person_and_bike_148.jpg,640,480,person,494,119,564,327
person_and_bike_148.jpg,640,480,person,268,114,315,225
person_and_bike_148.jpg,640,480,person,33,123,67,205
person_and_bike_148.jpg,640,480,person,561,109,603,265
PennPed00052.jpg,682,525,person,171,173,294,491
PennPed00052.jpg,682,525,person,48,135,176,440
PennPed00052.jpg,682,525,person,398,151,497,398
PennPed00052.jpg,682,525,person,515,85,612,165
PennPed00052.jpg,682,525,person,525,165,622,403
PennPed00052.jpg,682,525,person,278,170,342,312
crop001211.jpg,729,976,person,220,208,479,828
PennPed00081.jpg,561,387,person,146,79,245,371
PennPed00081.jpg,561,387,person,227,45,330,359
PennPed00081.jpg,561,387,person,347,70,449,359
crop001056.jpg,514,424,person,255,175,308,310
crop001056.jpg,514,424,person,177,174,225,305
crop001056.jpg,514,424,person,1,179,49,421
person_and_bike_143.jpg,640,480,person,274,171,325,305
person_and_bike_143.jpg,640,480,person,318,179,365,291
person_and_bike_143.jpg,640,480,person,357,205,404,302
person_and_bike_143.jpg,640,480,person,530,171,604,355
person_281.jpg,640,480,person,186,140,256,331
person_281.jpg,640,480,person,303,143,392,396
person_281.jpg,640,480,person,253,136,324,388
person_178.jpg,640,480,person,154,135,280,417
person_178.jpg,640,480,person,366,161,477,402
person_178.jpg,640,480,person,457,152,535,417
crop001589.jpg,494,960,person,318,309,493,899
crop001589.jpg,494,960,person,35,219,292,816
crop001589.jpg,494,960,person,324,220,426,479
crop001589.jpg,494,960,person,38,195,125,369
crop001556.jpg,713,497,person,185,134,255,327
crop001556.jpg,713,497,person,16,192,127,308
crop001556.jpg,713,497,person,521,103,578,207
crop001818.jpg,275,473,person,54,156,130,325
crop001840.jpg,583,346,person,417,118,486,346
crop001840.jpg,583,346,person,356,114,402,346
crop001840.jpg,583,346,person,395,105,434,338
crop001840.jpg,583,346,person,307,93,361,333
crop001840.jpg,583,346,person,230,104,288,326
crop001840.jpg,583,346,person,113,99,203,346
crop001840.jpg,583,346,person,185,96,244,338
crop001840.jpg,583,346,person,273,113,323,342
crop001840.jpg,583,346,person,269,84,307,144
crop001840.jpg,583,346,person,215,100,253,151
FudanPed00017.jpg,266,342,person,112,42,247,328
FudanPed00017.jpg,266,342,person,111,49,167,290
crop001830.jpg,387,435,person,182,171,237,325
crop001606.jpg,359,408,person,174,133,225,281
crop001606.jpg,359,408,person,19,74,62,156
person_274.jpg,640,480,person,444,122,584,480
person_274.jpg,640,480,person,281,141,364,377
person_274.jpg,640,480,person,389,140,432,219
person_274.jpg,640,480,person,340,153,374,239
crop001630.jpg,305,321,person,137,82,189,217
person_284.jpg,640,480,person,252,145,380,361
person_284.jpg,640,480,person,561,119,609,230
person_284.jpg,640,480,person,165,132,201,218
crop001116.jpg,582,439,person,182,178,219,313
crop001116.jpg,582,439,person,379,158,431,316
crop001116.jpg,582,439,person,245,185,287,297
crop001017.jpg,644,976,person,183,255,442,954
crop001809.jpg,497,697,person,108,228,218,476
crop001809.jpg,497,697,person,302,200,403,493
crop001809.jpg,497,697,person,254,220,341,477
PennPed00039.jpg,495,373,person,324,71,418,372
crop001132.jpg,692,976,person,212,238,422,936
crop001132.jpg,692,976,person,529,364,692,976
crop001132.jpg,692,976,person,79,237,258,749
crop001132.jpg,692,976,person,449,353,601,931
crop001567.jpg,277,330,person,91,98,165,244
crop001646.jpg,841,594,person,358,210,430,419
crop001646.jpg,841,594,person,246,222,323,442
crop001646.jpg,841,594,person,430,247,493,464
crop001646.jpg,841,594,person,584,233,658,426
PennPed00044.jpg,483,335,person,336,53,422,275
PennPed00044.jpg,483,335,person,255,62,329,280
PennPed00044.jpg,483,335,person,76,35,186,313
PennPed00063.jpg,427,350,person,121,46,262,325
person_119.jpg,480,640,person,174,159,289,503
person_126.jpg,480,640,person,183,98,351,520
person_126.jpg,480,640,person,125,157,176,297
person_126.jpg,480,640,person,68,173,119,304
person_and_bike_156.jpg,640,480,person,358,111,456,323
person_342.jpg,640,480,person,203,191,306,418
person_342.jpg,640,480,person,277,165,345,393
PennPed00082.jpg,398,321,person,85,13,237,309
crop001035.jpg,611,976,person,217,198,454,972
crop001206.jpg,442,683,person,163,157,283,538
FudanPed00061.jpg,547,407,person,332,78,427,386
FudanPed00061.jpg,547,407,person,417,83,532,391
FudanPed00061.jpg,547,407,person,163,67,276,361
FudanPed00061.jpg,547,407,person,172,75,209,318
PennPed00036.jpg,694,370,person,45,57,182,335
PennPed00036.jpg,694,370,person,512,31,646,332
crop001055.jpg,424,732,person,118,226,230,547
crop001055.jpg,424,732,person,67,255,138,520
crop001055.jpg,424,732,person,340,237,413,371
PennPed00092.jpg,600,447,person,107,71,311,434
PennPed00092.jpg,600,447,person,287,91,462,392
FudanPed00014.jpg,456,383,person,230,84,411,372
FudanPed00014.jpg,456,383,person,329,76,436,355
PennPed00029.jpg,672,418,person,117,61,209,378
PennPed00029.jpg,672,418,person,263,97,348,394
PennPed00029.jpg,672,418,person,364,98,468,390
PennPed00029.jpg,672,418,person,491,99,594,394
crop001841.jpg,639,479,person,555,131,625,387
crop001841.jpg,639,479,person,415,142,517,389
crop001841.jpg,639,479,person,340,170,411,313
crop001841.jpg,639,479,person,273,153,349,295
crop001841.jpg,639,479,person,205,151,268,326
crop001841.jpg,639,479,person,152,161,210,310
crop001841.jpg,639,479,person,92,164,136,300
crop001004.jpg,835,976,person,666,128,822,284
crop001004.jpg,835,976,person,566,187,717,338
crop001004.jpg,835,976,person,340,130,499,726
crop001004.jpg,835,976,person,572,329,700,760
crop001004.jpg,835,976,person,687,248,835,976
crop001004.jpg,835,976,person,190,173,314,589
crop001004.jpg,835,976,person,468,178,579,755
PennPed00042.jpg,569,344,person,269,31,382,316
PennPed00042.jpg,569,344,person,396,31,488,314
crop_000606.jpg,583,428,person,165,128,244,370
crop_000606.jpg,583,428,person,373,123,444,278
crop_000606.jpg,583,428,person,282,113,373,307
crop_000606.jpg,583,428,person,232,111,315,339
person_225.jpg,640,480,person,69,17,192,358
person_225.jpg,640,480,person,206,67,343,437
person_225.jpg,640,480,person,402,62,529,452
PennPed00061.jpg,314,320,person,29,13,148,306
crop001505.jpg,1001,960,person,547,257,707,824
crop001505.jpg,1001,960,person,759,324,871,617
crop_000010.jpg,594,720,person,199,115,418,650
crop001030.jpg,949,976,person,548,253,705,606
crop001030.jpg,949,976,person,266,236,450,673
crop001030.jpg,949,976,person,1,1,65,183
PennPed00040.jpg,406,342,person,204,41,329,329
crop001042.jpg,739,976,person,47,192,177,412
crop001042.jpg,739,976,person,210,187,335,677
crop001042.jpg,739,976,person,339,219,480,869
crop001042.jpg,739,976,person,517,243,651,814
crop001042.jpg,739,976,person,589,192,683,343
crop001042.jpg,739,976,person,673,158,739,268
person_273.jpg,640,480,person,404,214,505,480
person_273.jpg,640,480,person,302,193,386,470
person_273.jpg,640,480,person,536,183,593,326
person_273.jpg,640,480,person,487,180,545,331
person_and_bike_013.jpg,640,480,person,97,191,226,479
person_and_bike_013.jpg,640,480,person,519,149,623,479
person_and_bike_013.jpg,640,480,person,288,126,357,318
person_and_bike_013.jpg,640,480,person,1,128,60,387
crop001214.jpg,504,684,person,221,214,318,485
crop001214.jpg,504,684,person,388,318,504,667
FudanPed00062.jpg,414,341,person,176,19,268,326
FudanPed00062.jpg,414,341,person,293,28,392,337
PennPed00090.jpg,500,370,person,208,32,366,330
PennPed00090.jpg,500,370,person,100,19,217,355
PennPed00090.jpg,500,370,person,40,30,141,351
person_and_bike_146.jpg,640,480,person,247,99,342,423
person_and_bike_146.jpg,640,480,person,298,243,409,431
person_086.jpg,480,640,person,220,141,346,484
person_288.jpg,640,480,person,193,153,272,434
person_288.jpg,640,480,person,254,137,356,419
crop001081.jpg,360,506,person,143,136,235,362
crop001081.jpg,360,506,person,1,197,71,433
crop001081.jpg,360,506,person,316,44,360,356
crop001081.jpg,360,506,person,1,59,35,203
crop001081.jpg,360,506,person,232,117,284,200
crop001673.jpg,501,702,person,208,169,353,483
person_and_bike_121.jpg,640,480,person,163,125,243,362
person_and_bike_121.jpg,640,480,person,285,100,362,348
person_and_bike_121.jpg,640,480,person,386,123,462,365
crop001559.jpg,1025,704,person,642,154,778,545
crop001559.jpg,1025,704,person,196,366,378,611
crop001559.jpg,1025,704,person,166,162,318,387
crop001559.jpg,1025,704,person,391,204,550,557
crop001263.jpg,568,776,person,137,134,312,641
crop001263.jpg,568,776,person,482,128,568,387
crop001263.jpg,568,776,person,3,92,81,339
person_and_bike_078.jpg,640,480,person,262,58,406,394
crop001024.jpg,826,976,person,278,345,551,976
person_269.jpg,640,480,person,34,27,176,480
person_269.jpg,640,480,person,161,64,276,459
person_269.jpg,640,480,person,274,59,365,428
person_269.jpg,640,480,person,373,76,467,438
person_269.jpg,640,480,person,457,72,597,477
crop001107.jpg,920,976,person,514,336,669,921
crop001107.jpg,920,976,person,255,200,464,886
crop001107.jpg,920,976,person,438,231,540,689
crop001107.jpg,920,976,person,1,354,121,912
crop001107.jpg,920,976,person,785,296,920,975
crop001107.jpg,920,976,person,662,255,809,856
crop001107.jpg,920,976,person,16,200,129,692
crop001580.jpg,637,960,person,250,239,395,790
crop001580.jpg,637,960,person,479,174,637,954
crop001580.jpg,637,960,person,5,291,241,752
person_241.jpg,640,480,person,209,84,333,427
person_241.jpg,640,480,person,353,93,483,432
crop001625.jpg,331,344,person,141,116,180,227
crop001610.jpg,603,372,person,336,166,401,362
crop001610.jpg,603,372,person,316,158,357,344
crop001815.jpg,344,350,person,193,131,238,239
crop001815.jpg,344,350,person,149,150,194,248
crop001815.jpg,344,350,person,59,162,82,224
PennPed00038.jpg,436,353,person,226,35,377,321
person_300.jpg,640,480,person,249,101,381,405
crop001812.jpg,546,433,person,291,153,367,358
crop001202.jpg,620,976,person,203,214,407,815
crop001519.jpg,668,948,person,225,227,433,758
crop001110.jpg,554,687,person,214,276,263,473
crop001110.jpg,554,687,person,252,287,325,476
crop001110.jpg,554,687,person,40,294,76,400
crop001110.jpg,554,687,person,1,295,35,396
PennPed00083.jpg,371,341,person,108,26,256,322
PennPed00083.jpg,371,341,person,35,20,126,301
crop001213.jpg,601,976,person,1,232,99,471
crop001213.jpg,601,976,person,492,262,601,606
crop001213.jpg,601,976,person,219,228,427,834
PennPed00048.jpg,423,380,person,266,19,379,372
PennPed00048.jpg,423,380,person,111,32,206,322
PennPed00048.jpg,423,380,person,25,32,123,324
crop001099.jpg,661,976,person,538,260,656,570
crop001099.jpg,661,976,person,191,219,419,805
crop001099.jpg,661,976,person,68,419,195,825
crop001099.jpg,661,976,person,1,245,107,686
crop001099.jpg,661,976,person,99,231,216,438
crop001029.jpg,820,976,person,301,303,524,739
person_378.jpg,640,480,person,350,234,397,343
person_378.jpg,640,480,person,282,232,331,346
person_378.jpg,640,480,person,115,223,164,357
person_378.jpg,640,480,person,456,226,498,324
PennPed00069.jpg,388,345,person,173,37,277,313
PennPed00069.jpg,388,345,person,48,39,152,330
PennPed00017.jpg,492,403,person,111,45,194,400
PennPed00017.jpg,492,403,person,253,47,407,335
person_and_bike_142.jpg,640,480,person,273,74,383,464
person_and_bike_142.jpg,640,480,person,364,72,485,447
person_and_bike_142.jpg,640,480,person,223,102,312,445
person_and_bike_026.jpg,640,480,person,312,162,426,409
person_and_bike_026.jpg,640,480,person,570,178,624,307
crop001237.jpg,488,610,person,192,136,299,452
crop001237.jpg,488,610,person,1,94,103,603
person_414.jpg,640,480,person,104,123,180,309
person_414.jpg,640,480,person,267,125,345,303
person_414.jpg,640,480,person,468,109,542,230
crop001068.jpg,557,774,person,218,181,393,594
crop001068.jpg,557,774,person,39,108,100,242
crop001068.jpg,557,774,person,146,661,245,774
crop001068.jpg,557,774,person,302,656,420,774
crop001068.jpg,557,774,person,291,588,471,748
crop001068.jpg,557,774,person,79,588,211,765
person_214.jpg,640,480,person,184,126,282,387
person_214.jpg,640,480,person,397,139,550,430
PennPed00065.jpg,324,318,person,17,17,142,291
person_258.jpg,640,480,person,368,171,436,331
crop001713.jpg,453,960,person,68,222,336,803
crop001713.jpg,453,960,person,339,244,453,644
crop001713.jpg,453,960,person,210,252,366,652
crop001713.jpg,453,960,person,140,231,245,389
person_and_bike_008.jpg,640,480,person,295,161,382,389
person_and_bike_008.jpg,640,480,person,222,158,292,373
person_and_bike_008.jpg,640,480,person,202,129,261,318
crop001265.jpg,572,419,person,2,236,177,419
crop001265.jpg,572,419,person,252,116,335,342
crop001648.jpg,935,711,person,467,245,565,537
crop001648.jpg,935,711,person,246,262,318,480
crop001648.jpg,935,711,person,360,243,436,459
crop001115.jpg,476,394,person,233,117,283,300
crop001115.jpg,476,394,person,173,161,220,297
FudanPed00013.jpg,652,498,person,382,182,561,488
PennPed00024.jpg,409,384,person,76,54,179,350
person_143.jpg,640,480,person,104,74,213,368
person_143.jpg,640,480,person,238,78,311,370
person_143.jpg,640,480,person,301,68,408,391
person_103.jpg,480,640,person,208,221,282,379
person_296.jpg,640,480,person,222,122,331,452
person_296.jpg,640,480,person,297,255,375,434
person_296.jpg,640,480,person,297,132,391,271
crop001528.jpg,690,960,person,241,246,419,770
crop001238.jpg,405,609,person,345,130,405,545
crop001238.jpg,405,609,person,167,132,265,483
crop001238.jpg,405,609,person,1,139,131,608
person_331.jpg,640,480,person,153,62,321,468
person_331.jpg,640,480,person,394,140,451,290
person_331.jpg,640,480,person,295,146,348,323
person_331.jpg,640,480,person,354,152,394,250
crop001034.jpg,800,976,person,306,239,467,744
crop001276.jpg,586,918,person,196,168,440,861
crop001681.jpg,458,782,person,311,249,458,782
crop001681.jpg,458,782,person,155,223,300,610
crop001681.jpg,458,782,person,1,204,164,778
PennPed00002.jpg,745,378,person,268,71,376,301
PennPed00002.jpg,745,378,person,12,77,80,297
PennPed00002.jpg,745,378,person,72,43,172,296
PennPed00002.jpg,745,378,person,581,68,715,370
PennPed00002.jpg,745,378,person,508,85,610,322
PennPed00002.jpg,745,378,person,356,33,516,336
crop001691.jpg,542,665,person,190,236,303,492
crop001691.jpg,542,665,person,45,323,166,548
crop001691.jpg,542,665,person,300,132,365,363
crop001691.jpg,542,665,person,453,174,525,279
crop001691.jpg,542,665,person,2,57,65,269
crop001691.jpg,542,665,person,285,467,385,616
crop001129.jpg,405,708,person,87,153,237,553
crop001129.jpg,405,708,person,329,214,405,687
crop001129.jpg,405,708,person,255,152,361,450
person_and_bike_075.jpg,640,480,person,203,70,327,422
crop001074.jpg,655,609,person,1,222,136,609
crop001074.jpg,655,609,person,168,204,236,438
crop001074.jpg,655,609,person,222,203,292,441
crop001074.jpg,655,609,person,281,267,341,482
crop001074.jpg,655,609,person,394,201,465,451
crop001074.jpg,655,609,person,568,258,639,456
crop001074.jpg,655,609,person,344,307,403,474
crop001074.jpg,655,609,person,439,234,500,467
crop001220.jpg,433,692,person,235,189,354,533
crop001220.jpg,433,692,person,1,264,182,686
person_061.jpg,640,480,person,218,167,285,372
FudanPed00009.jpg,465,441,person,154,119,306,403
FudanPed00009.jpg,465,441,person,306,135,459,430
PennPed00085.jpg,403,341,person,245,34,367,326
PennPed00085.jpg,403,341,person,85,23,200,312
person_235.jpg,640,480,person,212,115,312,442
person_235.jpg,640,480,person,365,78,494,435
crop001515.jpg,564,659,person,1,179,164,649
person_and_bike_009.jpg,640,480,person,301,170,402,371
crop001568.jpg,537,886,person,162,195,342,726
crop001707.jpg,813,710,person,458,232,659,693
crop001064.jpg,869,598,person,582,128,706,521
crop001064.jpg,869,598,person,436,137,572,495
crop001064.jpg,869,598,person,294,189,413,497
crop001064.jpg,869,598,person,147,137,285,477
crop001064.jpg,869,598,person,58,157,163,360
crop001064.jpg,869,598,person,341,152,409,428
crop001064.jpg,869,598,person,768,185,836,421
person_175.jpg,640,480,person,99,140,184,331
person_175.jpg,640,480,person,178,150,259,330
person_175.jpg,640,480,person,346,134,415,304
person_175.jpg,640,480,person,462,152,521,302
person_175.jpg,640,480,person,551,129,621,327
crop001097.jpg,723,496,person,507,145,649,496
crop001097.jpg,723,496,person,664,157,723,493
crop001097.jpg,723,496,person,39,151,182,461
crop001097.jpg,723,496,person,155,126,238,403
crop001097.jpg,723,496,person,394,163,462,366
crop001097.jpg,723,496,person,320,136,377,197
crop001097.jpg,723,496,person,314,195,388,379
crop001097.jpg,723,496,person,230,144,289,364
crop001022.jpg,707,976,person,322,254,464,731
crop001022.jpg,707,976,person,240,290,345,719
crop001807.jpg,396,517,person,102,325,274,478
crop001807.jpg,396,517,person,135,154,192,286
crop001807.jpg,396,517,person,222,154,275,306
crop001708.jpg,492,960,person,142,201,326,728
crop001708.jpg,492,960,person,2,172,93,489
crop001708.jpg,492,960,person,333,190,477,733
crop001016.jpg,724,976,person,267,335,440,699
crop001016.jpg,724,976,person,270,238,420,411
FudanPed00012.jpg,468,384,person,158,69,311,362
FudanPed00012.jpg,468,384,person,324,47,449,338
person_and_bike_010.jpg,640,480,person,261,103,401,347
crop001148.jpg,343,304,person,168,78,216,204
person_121.jpg,480,640,person,176,134,321,479
crop001252.jpg,511,623,person,158,128,340,493
crop001252.jpg,511,623,person,427,68,511,605
PennPed00035.jpg,623,353,person,367,52,549,336
PennPed00035.jpg,623,353,person,126,32,196,320
PennPed00035.jpg,623,353,person,164,22,277,334
crop001088.jpg,498,976,person,238,177,447,947
crop001088.jpg,498,976,person,99,251,263,753
crop001088.jpg,498,976,person,52,272,143,601
crop001026.jpg,912,976,person,288,258,500,697
crop001026.jpg,912,976,person,479,297,642,658
crop001026.jpg,912,976,person,638,345,694,469
PennPed00008.jpg,452,403,person,44,60,180,373
PennPed00008.jpg,452,403,person,192,73,307,324
PennPed00008.jpg,452,403,person,285,83,405,355
PennPed00008.jpg,452,403,person,332,46,425,287
person_and_bike_208.jpg,640,480,person,251,98,415,395
person_187.jpg,640,480,person,284,222,347,417
person_187.jpg,640,480,person,490,210,554,394
person_187.jpg,640,480,person,349,232,402,418
crop001717.jpg,661,447,person,213,118,276,291
crop001717.jpg,661,447,person,183,281,352,447
crop001618.jpg,1143,960,person,255,262,399,714
crop001618.jpg,1143,960,person,897,271,1005,627
crop001618.jpg,1143,960,person,760,285,826,630
crop001655.jpg,918,740,person,440,257,531,513
crop001655.jpg,918,740,person,344,260,437,508
person_245.jpg,640,480,person,109,56,251,439
person_245.jpg,640,480,person,238,167,324,422
person_245.jpg,640,480,person,297,150,484,394
crop001061.jpg,676,924,person,287,279,439,675
crop001061.jpg,676,924,person,21,638,140,756
crop001061.jpg,676,924,person,506,362,561,486
person_050.jpg,640,480,person,337,94,456,419
crop001669.jpg,780,507,person,171,324,224,453
crop001669.jpg,780,507,person,128,239,173,320
crop001669.jpg,780,507,person,308,217,360,322
crop001669.jpg,780,507,person,20,231,67,321
crop001669.jpg,780,507,person,352,96,383,168
crop001669.jpg,780,507,person,332,170,366,249
crop001669.jpg,780,507,person,583,253,618,331
crop001623.jpg,1083,960,person,2,243,161,889
crop001623.jpg,1083,960,person,294,261,493,849
crop001623.jpg,1083,960,person,589,236,817,867
crop001623.jpg,1083,960,person,905,308,1083,960
crop001623.jpg,1083,960,person,476,224,625,704
crop001623.jpg,1083,960,person,801,270,878,535
crop001623.jpg,1083,960,person,938,278,1008,457
crop001623.jpg,1083,960,person,922,259,973,431
crop001623.jpg,1083,960,person,861,267,917,434
crop001623.jpg,1083,960,person,710,278,786,360
crop001623.jpg,1083,960,person,1032,262,1083,344
crop001247.jpg,569,865,person,186,153,395,706
crop001247.jpg,569,865,person,3,179,141,627
crop001027.jpg,843,976,person,546,628,766,849
crop001027.jpg,843,976,person,135,601,288,777
crop001027.jpg,843,976,person,207,222,660,803
PennPed00080.jpg,435,361,person,74,42,178,342
PennPed00080.jpg,435,361,person,207,37,303,332
PennPed00080.jpg,435,361,person,321,37,423,329
person_295.jpg,640,480,person,250,135,351,400
person_and_bike_020.jpg,640,480,person,371,196,450,408
person_and_bike_020.jpg,640,480,person,304,165,354,317
person_and_bike_020.jpg,640,480,person,347,179,391,312
crop001705.jpg,539,701,person,345,232,424,550
crop001705.jpg,539,701,person,142,243,280,527
crop001705.jpg,539,701,person,48,239,199,560
PennPed00016.jpg,683,399,person,464,65,580,367
PennPed00016.jpg,683,399,person,228,93,341,383
PennPed00016.jpg,683,399,person,80,43,162,363
crop001108.jpg,547,589,person,326,126,439,363
crop001108.jpg,547,589,person,186,175,284,452
person_and_bike_139.jpg,640,480,person,256,134,385,421
PennPed00034.jpg,538,422,person,307,62,408,343
PennPed00034.jpg,538,422,person,379,67,504,352
PennPed00034.jpg,538,422,person,111,51,282,390
PennPed00034.jpg,538,422,person,191,60,299,392
crop001816.jpg,406,614,person,216,192,326,485
crop001560.jpg,905,756,person,505,235,649,553
crop001560.jpg,905,756,person,1,305,79,512
FudanPed00015.jpg,336,349,person,29,38,181,325
crop001831.jpg,404,407,person,121,125,170,256
crop001831.jpg,404,407,person,279,168,328,276
crop001831.jpg,404,407,person,171,188,264,264
crop001624.jpg,529,572,person,1,151,202,572
crop001624.jpg,529,572,person,177,205,265,490
crop001624.jpg,529,572,person,461,192,529,284
crop001624.jpg,529,572,person,343,204,419,413
crop001624.jpg,529,572,person,321,186,386,394
crop001624.jpg,529,572,person,91,207,161,305
crop001624.jpg,529,572,person,256,199,306,383
crop001624.jpg,529,572,person,418,163,529,325
person_and_bike_147.jpg,640,480,person,270,138,375,420
person_and_bike_147.jpg,640,480,person,176,145,256,421
person_and_bike_147.jpg,640,480,person,80,147,138,266
crop001019.jpg,644,976,person,189,8,538,950
crop001008.jpg,713,700,person,7,281,72,435
crop001008.jpg,713,700,person,209,281,283,421
crop001008.jpg,713,700,person,349,321,422,452
crop001008.jpg,713,700,person,139,159,184,237
crop001008.jpg,713,700,person,48,164,99,236
crop001008.jpg,713,700,person,7,146,43,229
person_266.jpg,640,480,person,395,67,553,478
person_266.jpg,640,480,person,97,64,237,462
person_266.jpg,640,480,person,538,99,634,308
crop001627.jpg,720,960,person,262,228,507,798
crop001207.jpg,384,454,person,165,110,240,312
person_and_bike_151.jpg,640,480,person,323,110,420,361
person_and_bike_151.jpg,640,480,person,164,117,260,301
person_and_bike_151.jpg,640,480,person,247,123,303,212
FudanPed00016.jpg,544,425,person,72,81,216,387
FudanPed00016.jpg,544,425,person,407,104,498,380
FudanPed00016.jpg,544,425,person,236,98,311,250
FudanPed00016.jpg,544,425,person,279,95,409,363
person_and_bike_015.jpg,640,480,person,316,115,433,312
crop001665.jpg,1222,923,person,193,297,390,689
crop001665.jpg,1222,923,person,730,300,804,385
crop001626.jpg,449,615,person,219,191,314,426
crop001626.jpg,449,615,person,169,169,209,291
crop001160.jpg,255,258,person,227,96,255,257
crop001046.jpg,439,478,person,115,111,184,264
crop001046.jpg,439,478,person,172,139,255,354
crop001046.jpg,439,478,person,408,13,439,102
crop001046.jpg,439,478,person,366,6,403,99
crop001046.jpg,439,478,person,329,15,358,74
person_and_bike_117.jpg,480,640,person,160,94,324,586
person_and_bike_191.jpg,640,480,person,282,143,388,432
crop001095.jpg,770,976,person,370,729,631,976
crop001095.jpg,770,976,person,393,215,578,732
crop001095.jpg,770,976,person,630,203,732,461
crop001095.jpg,770,976,person,319,215,397,484
crop001095.jpg,770,976,person,119,236,208,519
crop001095.jpg,770,976,person,1,169,95,849
crop001095.jpg,770,976,person,678,473,770,565
person_334.jpg,640,480,person,267,90,396,480
person_334.jpg,640,480,person,167,94,277,470
person_334.jpg,640,480,person,379,118,451,403
PennPed00067.jpg,370,318,person,36,9,190,305
PennPed00067.jpg,370,318,person,290,60,350,126
crop001651.jpg,1151,919,person,483,283,657,723
crop001651.jpg,1151,919,person,263,255,417,613
person_and_bike_123.jpg,640,480,person,327,164,403,338
person_and_bike_039.jpg,640,480,person,247,100,329,319
person_and_bike_039.jpg,640,480,person,176,98,256,332
crop001127.jpg,690,586,person,188,151,285,476
crop001127.jpg,690,586,person,367,177,453,418
crop001127.jpg,690,586,person,287,177,337,380
crop001127.jpg,690,586,person,467,3,690,575
PennPed00059.jpg,582,362,person,84,40,188,337
PennPed00059.jpg,582,362,person,381,36,532,323
person_and_bike_031.jpg,640,480,person,307,164,400,325
crop001021.jpg,930,976,person,318,108,735,821
person_and_bike_132.jpg,640,480,person,386,168,500,408
person_and_bike_132.jpg,640,480,person,264,188,338,397
person_and_bike_132.jpg,640,480,person,318,197,376,381
crop001140.jpg,504,708,person,180,213,302,634
crop001140.jpg,504,708,person,58,111,197,340
crop001140.jpg,504,708,person,422,180,504,708
person_211.jpg,640,480,person,401,163,465,411
person_211.jpg,640,480,person,191,123,277,328
person_211.jpg,640,480,person,216,32,307,187
crop001236.jpg,748,629,person,140,145,240,473
crop001236.jpg,748,629,person,474,168,601,471
crop001236.jpg,748,629,person,631,170,748,629
crop001236.jpg,748,629,person,323,155,469,548
PennPed00018.jpg,460,344,person,78,27,155,328
PennPed00018.jpg,460,344,person,192,65,259,303
crop001013.jpg,740,976,person,175,169,584,860
person_185.jpg,640,480,person,195,238,273,378
person_185.jpg,640,480,person,310,181,382,391
person_185.jpg,640,480,person,392,179,460,388
crop001256.jpg,508,627,person,200,142,328,482
person_348.jpg,640,480,person,314,163,386,332
person_348.jpg,640,480,person,223,153,299,317
person_348.jpg,640,480,person,65,150,127,318
person_348.jpg,640,480,person,129,165,177,287
person_348.jpg,640,480,person,191,204,220,273
crop_000607.jpg,878,714,person,579,70,772,703
crop_000607.jpg,878,714,person,239,84,443,644
crop_000607.jpg,878,714,person,518,96,663,619
crop001131.jpg,600,976,person,487,288,600,828
crop001131.jpg,600,976,person,351,247,442,522
crop001131.jpg,600,976,person,1,238,149,921
crop001523.jpg,522,432,person,99,137,159,294
crop001523.jpg,522,432,person,1,157,104,426
PennPed00089.jpg,428,317,person,145,1,298,297
PennPed00089.jpg,428,317,person,85,18,164,292
crop001069.jpg,365,430,person,161,145,218,293
crop001069.jpg,365,430,person,100,133,158,240
PennPed00077.jpg,352,323,person,64,25,182,307
person_and_bike_023.jpg,640,480,person,294,131,399,385
crop001123.jpg,557,631,person,197,142,283,475
crop001123.jpg,557,631,person,402,154,517,514
crop001123.jpg,557,631,person,261,135,364,484
crop001231.jpg,521,669,person,191,171,350,463
crop001201.jpg,626,976,person,217,277,362,688
crop001201.jpg,626,976,person,423,245,626,827
person_253.jpg,640,480,person,337,144,472,440
person_253.jpg,640,480,person,206,181,282,364
person_253.jpg,640,480,person,256,132,332,352
person_253.jpg,640,480,person,149,123,214,368
person_253.jpg,640,480,person,451,132,520,296
person_156.jpg,640,480,person,248,191,332,428
person_156.jpg,640,480,person,341,199,436,403
person_156.jpg,640,480,person,316,11,397,179
person_387.jpg,640,480,person,216,154,320,429
person_387.jpg,640,480,person,288,168,349,406
PennPed00023.jpg,536,382,person,111,55,279,355
crop001592.jpg,716,503,person,423,208,495,398
crop001592.jpg,716,503,person,285,203,372,392
crop001592.jpg,716,503,person,104,194,189,394
crop001592.jpg,716,503,person,1,187,50,406
crop001592.jpg,716,503,person,388,207,436,390
crop001592.jpg,716,503,person,249,195,297,381
person_and_bike_138.jpg,640,480,person,314,170,395,358
PennPed00076.jpg,342,348,person,186,28,317,325
crop001835.jpg,774,927,person,211,178,391,768
crop001835.jpg,774,927,person,368,135,532,820
FudanPed00070.jpg,390,382,person,278,70,371,368
person_and_bike_011.jpg,640,480,person,334,185,392,299
person_and_bike_011.jpg,640,480,person,274,189,329,297
crop001700.jpg,649,849,person,236,244,413,612
crop001700.jpg,649,849,person,1,132,180,849
crop001700.jpg,649,849,person,135,269,269,648
crop001149.jpg,578,724,person,235,191,346,576
crop001149.jpg,578,724,person,3,154,159,592
crop001149.jpg,578,724,person,124,169,227,556
PennPed00047.jpg,500,346,person,271,28,370,323
PennPed00047.jpg,500,346,person,137,53,250,334
crop001578.jpg,225,268,person,91,92,130,192
crop001701.jpg,434,878,person,231,197,396,657
person_358.jpg,480,640,person,243,218,322,359
crop001218.jpg,503,750,person,101,217,273,589
crop001138.jpg,612,736,person,421,425,612,728
crop001138.jpg,612,736,person,325,233,462,687
crop001205.jpg,654,572,person,233,155,334,413
crop001205.jpg,654,572,person,320,182,450,388
person_and_bike_017.jpg,640,480,person,277,188,326,291
PennPed00074.jpg,442,332,person,278,29,420,314
PennPed00074.jpg,442,332,person,194,15,292,310
PennPed00004.jpg,786,436,person,415,93,520,395
PennPed00004.jpg,786,436,person,600,103,735,403
PennPed00004.jpg,786,436,person,63,59,173,419
PennPed00004.jpg,786,436,person,228,96,339,403
PennPed00004.jpg,786,436,person,147,90,263,388
crop001119.jpg,505,378,person,211,133,246,257
crop001119.jpg,505,378,person,162,125,214,248
crop001119.jpg,505,378,person,130,270,214,377
crop001119.jpg,505,378,person,368,297,437,373
crop001119.jpg,505,378,person,445,246,505,356
crop001119.jpg,505,378,person,336,246,449,368
person_228.jpg,640,480,person,294,103,397,443
person_228.jpg,640,480,person,218,97,308,412
person_228.jpg,640,480,person,376,115,454,429
FudanPed00002.jpg,455,414,person,67,82,191,383
FudanPed00002.jpg,455,414,person,153,103,221,370
crop001098.jpg,549,535,person,35,144,178,535
crop001098.jpg,549,535,person,163,152,249,395
crop001098.jpg,549,535,person,455,191,549,535
crop001098.jpg,549,535,person,315,174,396,387
crop001532.jpg,972,960,person,504,280,681,796
person_356.jpg,480,640,person,165,114,322,585
crop001045.jpg,374,498,person,163,176,207,309
crop001045.jpg,374,498,person,276,354,329,498
person_and_bike_157.jpg,640,480,person,312,64,461,389
crop001241.jpg,480,584,person,223,149,345,492
person_165.jpg,640,480,person,277,206,355,372
crop001672.jpg,690,957,person,261,261,434,784
crop001500.jpg,248,345,person,110,109,152,231
person_297.jpg,640,480,person,2,181,52,305
person_297.jpg,640,480,person,29,173,73,283
person_297.jpg,640,480,person,171,152,280,406
person_297.jpg,640,480,person,322,152,400,425
person_297.jpg,640,480,person,273,160,339,394
